,RGIId
0,RGI60-11.00001
1,RGI60-11.00002
2,RGI60-11.00003
3,RGI60-11.00004
4,RGI60-11.00005
5,RGI60-11.00006
6,RGI60-11.00007
7,RGI60-11.00008
8,RGI60-11.00009
9,RGI60-11.00010
10,RGI60-11.00011
11,RGI60-11.00012
12,RGI60-11.00013
13,RGI60-11.00014
14,RGI60-11.00015
15,RGI60-11.00016
16,RGI60-11.00017
17,RGI60-11.00018
18,RGI60-11.00019
19,RGI60-11.00020
20,RGI60-11.00021
21,RGI60-11.00022
22,RGI60-11.00023
23,RGI60-11.00024
24,RGI60-11.00025
25,RGI60-11.00026
26,RGI60-11.00027
27,RGI60-11.00028
28,RGI60-11.00029
29,RGI60-11.00030
30,RGI60-11.00031
31,RGI60-11.00032
32,RGI60-11.00033
33,RGI60-11.00034
34,RGI60-11.00035
35,RGI60-11.00036
36,RGI60-11.00037
37,RGI60-11.00038
38,RGI60-11.00039
39,RGI60-11.00040
40,RGI60-11.00041
41,RGI60-11.00042
42,RGI60-11.00043
43,RGI60-11.00044
44,RGI60-11.00045
45,RGI60-11.00046
46,RGI60-11.00047
47,RGI60-11.00048
48,RGI60-11.00049
49,RGI60-11.00050
50,RGI60-11.00051
51,RGI60-11.00052
52,RGI60-11.00053
53,RGI60-11.00054
54,RGI60-11.00055
55,RGI60-11.00056
56,RGI60-11.00057
57,RGI60-11.00058
58,RGI60-11.00059
59,RGI60-11.00060
60,RGI60-11.00061
61,RGI60-11.00062
62,RGI60-11.00063
63,RGI60-11.00064
64,RGI60-11.00065
65,RGI60-11.00066
66,RGI60-11.00067
67,RGI60-11.00068
68,RGI60-11.00069
69,RGI60-11.00070
70,RGI60-11.00071
71,RGI60-11.00072
72,RGI60-11.00073
73,RGI60-11.00074
74,RGI60-11.00075
75,RGI60-11.00076
76,RGI60-11.00077
77,RGI60-11.00078
78,RGI60-11.00079
79,RGI60-11.00080
80,RGI60-11.00081
81,RGI60-11.00082
82,RGI60-11.00083
83,RGI60-11.00084
84,RGI60-11.00085
85,RGI60-11.00086
86,RGI60-11.00087
87,RGI60-11.00088
88,RGI60-11.00089
89,RGI60-11.00090
90,RGI60-11.00091
91,RGI60-11.00092
92,RGI60-11.00093
93,RGI60-11.00094
94,RGI60-11.00095
95,RGI60-11.00096
96,RGI60-11.00097
97,RGI60-11.00098
98,RGI60-11.00099
99,RGI60-11.00100
100,RGI60-11.00101
101,RGI60-11.00102
102,RGI60-11.00103
103,RGI60-11.00104
104,RGI60-11.00105
105,RGI60-11.00106
106,RGI60-11.00107
107,RGI60-11.00108
108,RGI60-11.00109
109,RGI60-11.00110
110,RGI60-11.00111
111,RGI60-11.00112
112,RGI60-11.00113
113,RGI60-11.00114
114,RGI60-11.00115
115,RGI60-11.00116
116,RGI60-11.00117
117,RGI60-11.00118
118,RGI60-11.00119
119,RGI60-11.00120
120,RGI60-11.00121
121,RGI60-11.00122
122,RGI60-11.00123
123,RGI60-11.00124
124,RGI60-11.00125
125,RGI60-11.00126
126,RGI60-11.00127
127,RGI60-11.00128
128,RGI60-11.00129
129,RGI60-11.00130
130,RGI60-11.00131
131,RGI60-11.00132
132,RGI60-11.00133
133,RGI60-11.00134
134,RGI60-11.00135
135,RGI60-11.00136
136,RGI60-11.00137
137,RGI60-11.00138
138,RGI60-11.00139
139,RGI60-11.00140
140,RGI60-11.00141
141,RGI60-11.00142
142,RGI60-11.00143
143,RGI60-11.00144
144,RGI60-11.00145
145,RGI60-11.00146
146,RGI60-11.00147
147,RGI60-11.00148
148,RGI60-11.00149
149,RGI60-11.00150
150,RGI60-11.00151
151,RGI60-11.00152
152,RGI60-11.00153
153,RGI60-11.00154
154,RGI60-11.00155
155,RGI60-11.00156
156,RGI60-11.00157
157,RGI60-11.00158
158,RGI60-11.00159
159,RGI60-11.00160
160,RGI60-11.00161
161,RGI60-11.00162
162,RGI60-11.00163
163,RGI60-11.00164
164,RGI60-11.00165
165,RGI60-11.00166
166,RGI60-11.00167
167,RGI60-11.00168
168,RGI60-11.00169
169,RGI60-11.00170
170,RGI60-11.00171
171,RGI60-11.00172
172,RGI60-11.00173
173,RGI60-11.00174
174,RGI60-11.00175
175,RGI60-11.00176
176,RGI60-11.00177
177,RGI60-11.00178
178,RGI60-11.00179
179,RGI60-11.00180
180,RGI60-11.00181
181,RGI60-11.00182
182,RGI60-11.00183
183,RGI60-11.00184
184,RGI60-11.00185
185,RGI60-11.00186
186,RGI60-11.00187
187,RGI60-11.00188
188,RGI60-11.00189
189,RGI60-11.00190
190,RGI60-11.00191
191,RGI60-11.00192
192,RGI60-11.00193
193,RGI60-11.00194
194,RGI60-11.00195
195,RGI60-11.00196
196,RGI60-11.00197
197,RGI60-11.00198
198,RGI60-11.00199
199,RGI60-11.00200
200,RGI60-11.00201
201,RGI60-11.00202
202,RGI60-11.00203
203,RGI60-11.00204
204,RGI60-11.00205
205,RGI60-11.00206
206,RGI60-11.00207
207,RGI60-11.00208
208,RGI60-11.00209
209,RGI60-11.00210
210,RGI60-11.00211
211,RGI60-11.00212
212,RGI60-11.00213
213,RGI60-11.00214
214,RGI60-11.00215
215,RGI60-11.00216
216,RGI60-11.00217
217,RGI60-11.00218
218,RGI60-11.00219
219,RGI60-11.00220
220,RGI60-11.00221
221,RGI60-11.00222
222,RGI60-11.00223
223,RGI60-11.00224
224,RGI60-11.00225
225,RGI60-11.00226
226,RGI60-11.00227
227,RGI60-11.00228
228,RGI60-11.00229
229,RGI60-11.00230
230,RGI60-11.00231
231,RGI60-11.00232
232,RGI60-11.00233
233,RGI60-11.00234
234,RGI60-11.00235
235,RGI60-11.00236
236,RGI60-11.00237
237,RGI60-11.00238
238,RGI60-11.00239
239,RGI60-11.00240
240,RGI60-11.00241
241,RGI60-11.00242
242,RGI60-11.00243
243,RGI60-11.00244
244,RGI60-11.00245
245,RGI60-11.00246
246,RGI60-11.00247
247,RGI60-11.00248
248,RGI60-11.00249
249,RGI60-11.00250
250,RGI60-11.00251
251,RGI60-11.00252
252,RGI60-11.00253
253,RGI60-11.00254
254,RGI60-11.00255
255,RGI60-11.00256
256,RGI60-11.00257
257,RGI60-11.00258
258,RGI60-11.00259
259,RGI60-11.00260
260,RGI60-11.00261
261,RGI60-11.00262
262,RGI60-11.00263
263,RGI60-11.00264
264,RGI60-11.00265
265,RGI60-11.00266
266,RGI60-11.00267
267,RGI60-11.00268
268,RGI60-11.00269
269,RGI60-11.00270
270,RGI60-11.00271
271,RGI60-11.00272
272,RGI60-11.00273
273,RGI60-11.00274
274,RGI60-11.00275
275,RGI60-11.00276
276,RGI60-11.00277
277,RGI60-11.00278
278,RGI60-11.00279
279,RGI60-11.00280
280,RGI60-11.00281
281,RGI60-11.00282
282,RGI60-11.00283
283,RGI60-11.00284
284,RGI60-11.00285
285,RGI60-11.00286
286,RGI60-11.00287
287,RGI60-11.00288
288,RGI60-11.00289
289,RGI60-11.00290
290,RGI60-11.00291
291,RGI60-11.00292
292,RGI60-11.00293
293,RGI60-11.00294
294,RGI60-11.00295
295,RGI60-11.00296
296,RGI60-11.00297
297,RGI60-11.00298
298,RGI60-11.00299
299,RGI60-11.00300
300,RGI60-11.00301
301,RGI60-11.00302
302,RGI60-11.00303
303,RGI60-11.00304
304,RGI60-11.00305
305,RGI60-11.00306
306,RGI60-11.00307
307,RGI60-11.00308
308,RGI60-11.00309
309,RGI60-11.00310
310,RGI60-11.00311
311,RGI60-11.00312
312,RGI60-11.00313
313,RGI60-11.00314
314,RGI60-11.00315
315,RGI60-11.00316
316,RGI60-11.00317
317,RGI60-11.00318
318,RGI60-11.00319
319,RGI60-11.00320
320,RGI60-11.00321
321,RGI60-11.00322
322,RGI60-11.00323
323,RGI60-11.00324
324,RGI60-11.00325
325,RGI60-11.00326
326,RGI60-11.00327
327,RGI60-11.00328
328,RGI60-11.00329
329,RGI60-11.00330
330,RGI60-11.00331
331,RGI60-11.00332
332,RGI60-11.00333
333,RGI60-11.00334
334,RGI60-11.00335
335,RGI60-11.00336
336,RGI60-11.00337
337,RGI60-11.00338
338,RGI60-11.00339
339,RGI60-11.00340
340,RGI60-11.00341
341,RGI60-11.00342
342,RGI60-11.00343
343,RGI60-11.00344
344,RGI60-11.00345
345,RGI60-11.00346
346,RGI60-11.00347
347,RGI60-11.00348
348,RGI60-11.00349
349,RGI60-11.00350
350,RGI60-11.00351
351,RGI60-11.00352
352,RGI60-11.00353
353,RGI60-11.00354
354,RGI60-11.00355
355,RGI60-11.00356
356,RGI60-11.00357
357,RGI60-11.00358
358,RGI60-11.00359
359,RGI60-11.00360
360,RGI60-11.00361
361,RGI60-11.00362
362,RGI60-11.00363
363,RGI60-11.00364
364,RGI60-11.00365
365,RGI60-11.00366
366,RGI60-11.00367
367,RGI60-11.00368
368,RGI60-11.00369
369,RGI60-11.00370
370,RGI60-11.00371
371,RGI60-11.00372
372,RGI60-11.00373
373,RGI60-11.00374
374,RGI60-11.00375
375,RGI60-11.00376
376,RGI60-11.00377
377,RGI60-11.00378
378,RGI60-11.00379
379,RGI60-11.00380
380,RGI60-11.00381
381,RGI60-11.00382
382,RGI60-11.00383
383,RGI60-11.00384
384,RGI60-11.00385
385,RGI60-11.00386
386,RGI60-11.00387
387,RGI60-11.00388
388,RGI60-11.00389
389,RGI60-11.00390
390,RGI60-11.00391
391,RGI60-11.00392
392,RGI60-11.00393
393,RGI60-11.00394
394,RGI60-11.00395
395,RGI60-11.00396
396,RGI60-11.00397
397,RGI60-11.00398
398,RGI60-11.00399
399,RGI60-11.00400
400,RGI60-11.00401
401,RGI60-11.00402
402,RGI60-11.00403
403,RGI60-11.00404
404,RGI60-11.00405
405,RGI60-11.00406
406,RGI60-11.00407
407,RGI60-11.00408
408,RGI60-11.00409
409,RGI60-11.00410
410,RGI60-11.00411
411,RGI60-11.00412
412,RGI60-11.00413
413,RGI60-11.00414
414,RGI60-11.00415
415,RGI60-11.00416
416,RGI60-11.00417
417,RGI60-11.00418
418,RGI60-11.00419
419,RGI60-11.00420
420,RGI60-11.00421
421,RGI60-11.00422
422,RGI60-11.00423
423,RGI60-11.00424
424,RGI60-11.00425
425,RGI60-11.00426
426,RGI60-11.00427
427,RGI60-11.00428
428,RGI60-11.00429
429,RGI60-11.00430
430,RGI60-11.00431
431,RGI60-11.00432
432,RGI60-11.00433
433,RGI60-11.00434
434,RGI60-11.00435
435,RGI60-11.00436
436,RGI60-11.00437
437,RGI60-11.00438
438,RGI60-11.00439
439,RGI60-11.00440
440,RGI60-11.00441
441,RGI60-11.00442
442,RGI60-11.00443
443,RGI60-11.00444
444,RGI60-11.00445
445,RGI60-11.00446
446,RGI60-11.00447
447,RGI60-11.00448
448,RGI60-11.00449
449,RGI60-11.00450
450,RGI60-11.00451
451,RGI60-11.00452
452,RGI60-11.00453
453,RGI60-11.00454
454,RGI60-11.00455
455,RGI60-11.00456
456,RGI60-11.00457
457,RGI60-11.00458
458,RGI60-11.00459
459,RGI60-11.00460
460,RGI60-11.00461
461,RGI60-11.00462
462,RGI60-11.00463
463,RGI60-11.00464
464,RGI60-11.00465
465,RGI60-11.00466
466,RGI60-11.00467
467,RGI60-11.00468
468,RGI60-11.00469
469,RGI60-11.00470
470,RGI60-11.00471
471,RGI60-11.00472
472,RGI60-11.00473
473,RGI60-11.00474
474,RGI60-11.00475
475,RGI60-11.00476
476,RGI60-11.00477
477,RGI60-11.00478
478,RGI60-11.00479
479,RGI60-11.00480
480,RGI60-11.00481
481,RGI60-11.00482
482,RGI60-11.00483
483,RGI60-11.00484
484,RGI60-11.00485
485,RGI60-11.00486
486,RGI60-11.00487
487,RGI60-11.00488
488,RGI60-11.00489
489,RGI60-11.00490
490,RGI60-11.00491
491,RGI60-11.00492
492,RGI60-11.00493
493,RGI60-11.00494
494,RGI60-11.00495
495,RGI60-11.00496
496,RGI60-11.00497
497,RGI60-11.00498
498,RGI60-11.00499
499,RGI60-11.00500
500,RGI60-11.00501
501,RGI60-11.00502
502,RGI60-11.00503
503,RGI60-11.00504
504,RGI60-11.00505
505,RGI60-11.00506
506,RGI60-11.00507
507,RGI60-11.00508
508,RGI60-11.00509
509,RGI60-11.00510
510,RGI60-11.00511
511,RGI60-11.00512
512,RGI60-11.00513
513,RGI60-11.00514
514,RGI60-11.00515
515,RGI60-11.00516
516,RGI60-11.00517
517,RGI60-11.00518
518,RGI60-11.00519
519,RGI60-11.00520
520,RGI60-11.00521
521,RGI60-11.00522
522,RGI60-11.00523
523,RGI60-11.00524
524,RGI60-11.00525
525,RGI60-11.00526
526,RGI60-11.00527
527,RGI60-11.00528
528,RGI60-11.00529
529,RGI60-11.00530
530,RGI60-11.00531
531,RGI60-11.00532
532,RGI60-11.00533
533,RGI60-11.00534
534,RGI60-11.00535
535,RGI60-11.00536
536,RGI60-11.00537
537,RGI60-11.00538
538,RGI60-11.00539
539,RGI60-11.00540
540,RGI60-11.00541
541,RGI60-11.00542
542,RGI60-11.00543
543,RGI60-11.00544
544,RGI60-11.00545
545,RGI60-11.00546
546,RGI60-11.00547
547,RGI60-11.00548
548,RGI60-11.00549
549,RGI60-11.00550
550,RGI60-11.00551
551,RGI60-11.00552
552,RGI60-11.00553
553,RGI60-11.00554
554,RGI60-11.00555
555,RGI60-11.00556
556,RGI60-11.00557
557,RGI60-11.00558
558,RGI60-11.00559
559,RGI60-11.00560
560,RGI60-11.00561
561,RGI60-11.00562
562,RGI60-11.00563
563,RGI60-11.00564
564,RGI60-11.00565
565,RGI60-11.00566
566,RGI60-11.00567
567,RGI60-11.00568
568,RGI60-11.00569
569,RGI60-11.00570
570,RGI60-11.00571
571,RGI60-11.00572
572,RGI60-11.00573
573,RGI60-11.00574
574,RGI60-11.00575
575,RGI60-11.00576
576,RGI60-11.00577
577,RGI60-11.00578
578,RGI60-11.00579
579,RGI60-11.00580
580,RGI60-11.00581
581,RGI60-11.00582
582,RGI60-11.00583
583,RGI60-11.00584
584,RGI60-11.00585
585,RGI60-11.00586
586,RGI60-11.00587
587,RGI60-11.00588
588,RGI60-11.00589
589,RGI60-11.00590
590,RGI60-11.00591
591,RGI60-11.00592
592,RGI60-11.00593
593,RGI60-11.00594
594,RGI60-11.00595
595,RGI60-11.00596
596,RGI60-11.00597
597,RGI60-11.00598
598,RGI60-11.00599
599,RGI60-11.00600
600,RGI60-11.00601
601,RGI60-11.00602
602,RGI60-11.00603
603,RGI60-11.00604
604,RGI60-11.00605
605,RGI60-11.00606
606,RGI60-11.00607
607,RGI60-11.00608
608,RGI60-11.00609
609,RGI60-11.00610
610,RGI60-11.00611
611,RGI60-11.00612
612,RGI60-11.00613
613,RGI60-11.00614
614,RGI60-11.00615
615,RGI60-11.00616
616,RGI60-11.00617
617,RGI60-11.00618
618,RGI60-11.00619
619,RGI60-11.00620
620,RGI60-11.00621
621,RGI60-11.00622
622,RGI60-11.00623
623,RGI60-11.00624
624,RGI60-11.00625
625,RGI60-11.00626
626,RGI60-11.00627
627,RGI60-11.00628
628,RGI60-11.00629
629,RGI60-11.00630
630,RGI60-11.00631
631,RGI60-11.00632
632,RGI60-11.00633
633,RGI60-11.00634
634,RGI60-11.00635
635,RGI60-11.00636
636,RGI60-11.00637
637,RGI60-11.00638
638,RGI60-11.00639
639,RGI60-11.00640
640,RGI60-11.00641
641,RGI60-11.00642
642,RGI60-11.00643
643,RGI60-11.00644
644,RGI60-11.00645
645,RGI60-11.00646
646,RGI60-11.00647
647,RGI60-11.00648
648,RGI60-11.00649
649,RGI60-11.00650
650,RGI60-11.00651
651,RGI60-11.00652
652,RGI60-11.00653
653,RGI60-11.00654
654,RGI60-11.00655
655,RGI60-11.00656
656,RGI60-11.00657
657,RGI60-11.00658
658,RGI60-11.00659
659,RGI60-11.00660
660,RGI60-11.00661
661,RGI60-11.00662
662,RGI60-11.00663
663,RGI60-11.00664
664,RGI60-11.00665
665,RGI60-11.00666
666,RGI60-11.00667
667,RGI60-11.00668
668,RGI60-11.00669
669,RGI60-11.00670
670,RGI60-11.00671
671,RGI60-11.00672
672,RGI60-11.00673
673,RGI60-11.00674
674,RGI60-11.00675
675,RGI60-11.00676
676,RGI60-11.00677
677,RGI60-11.00678
678,RGI60-11.00679
679,RGI60-11.00680
680,RGI60-11.00681
681,RGI60-11.00682
682,RGI60-11.00683
683,RGI60-11.00684
684,RGI60-11.00685
685,RGI60-11.00686
686,RGI60-11.00687
687,RGI60-11.00688
688,RGI60-11.00689
689,RGI60-11.00690
690,RGI60-11.00691
691,RGI60-11.00692
692,RGI60-11.00693
693,RGI60-11.00694
694,RGI60-11.00695
695,RGI60-11.00696
696,RGI60-11.00697
697,RGI60-11.00698
698,RGI60-11.00699
699,RGI60-11.00700
700,RGI60-11.00701
701,RGI60-11.00702
702,RGI60-11.00703
703,RGI60-11.00704
704,RGI60-11.00705
705,RGI60-11.00706
706,RGI60-11.00707
707,RGI60-11.00708
708,RGI60-11.00709
709,RGI60-11.00710
710,RGI60-11.00711
711,RGI60-11.00712
712,RGI60-11.00713
713,RGI60-11.00714
714,RGI60-11.00715
715,RGI60-11.00716
716,RGI60-11.00717
717,RGI60-11.00718
718,RGI60-11.00719
719,RGI60-11.00720
720,RGI60-11.00721
721,RGI60-11.00722
722,RGI60-11.00723
723,RGI60-11.00724
724,RGI60-11.00725
725,RGI60-11.00726
726,RGI60-11.00727
727,RGI60-11.00728
728,RGI60-11.00729
729,RGI60-11.00730
730,RGI60-11.00731
731,RGI60-11.00732
732,RGI60-11.00733
733,RGI60-11.00734
734,RGI60-11.00735
735,RGI60-11.00736
736,RGI60-11.00737
737,RGI60-11.00738
738,RGI60-11.00739
739,RGI60-11.00740
740,RGI60-11.00741
741,RGI60-11.00742
742,RGI60-11.00743
743,RGI60-11.00744
744,RGI60-11.00745
745,RGI60-11.00746
746,RGI60-11.00747
747,RGI60-11.00748
748,RGI60-11.00749
749,RGI60-11.00750
750,RGI60-11.00751
751,RGI60-11.00752
752,RGI60-11.00753
753,RGI60-11.00754
754,RGI60-11.00755
755,RGI60-11.00756
756,RGI60-11.00757
757,RGI60-11.00758
758,RGI60-11.00759
759,RGI60-11.00760
760,RGI60-11.00761
761,RGI60-11.00762
762,RGI60-11.00763
763,RGI60-11.00764
764,RGI60-11.00765
765,RGI60-11.00766
766,RGI60-11.00767
767,RGI60-11.00768
768,RGI60-11.00769
769,RGI60-11.00770
770,RGI60-11.00771
771,RGI60-11.00772
772,RGI60-11.00773
773,RGI60-11.00774
774,RGI60-11.00775
775,RGI60-11.00776
776,RGI60-11.00777
777,RGI60-11.00778
778,RGI60-11.00779
779,RGI60-11.00780
780,RGI60-11.00781
781,RGI60-11.00782
782,RGI60-11.00783
783,RGI60-11.00784
784,RGI60-11.00785
785,RGI60-11.00786
786,RGI60-11.00787
787,RGI60-11.00788
788,RGI60-11.00789
789,RGI60-11.00790
790,RGI60-11.00791
791,RGI60-11.00792
792,RGI60-11.00793
793,RGI60-11.00794
794,RGI60-11.00795
795,RGI60-11.00796
796,RGI60-11.00797
797,RGI60-11.00798
798,RGI60-11.00799
799,RGI60-11.00800
800,RGI60-11.00801
801,RGI60-11.00802
802,RGI60-11.00803
803,RGI60-11.00804
804,RGI60-11.00805
805,RGI60-11.00806
806,RGI60-11.00807
807,RGI60-11.00808
808,RGI60-11.00809
809,RGI60-11.00810
810,RGI60-11.00811
811,RGI60-11.00812
812,RGI60-11.00813
813,RGI60-11.00814
814,RGI60-11.00815
815,RGI60-11.00816
816,RGI60-11.00817
817,RGI60-11.00818
818,RGI60-11.00819
819,RGI60-11.00820
820,RGI60-11.00821
821,RGI60-11.00822
822,RGI60-11.00823
823,RGI60-11.00824
824,RGI60-11.00825
825,RGI60-11.00826
826,RGI60-11.00827
827,RGI60-11.00828
828,RGI60-11.00829
829,RGI60-11.00830
830,RGI60-11.00831
831,RGI60-11.00832
832,RGI60-11.00833
833,RGI60-11.00834
834,RGI60-11.00835
835,RGI60-11.00836
836,RGI60-11.00837
837,RGI60-11.00838
838,RGI60-11.00839
839,RGI60-11.00840
840,RGI60-11.00841
841,RGI60-11.00842
842,RGI60-11.00843
843,RGI60-11.00844
844,RGI60-11.00845
845,RGI60-11.00846
846,RGI60-11.00847
847,RGI60-11.00848
848,RGI60-11.00849
849,RGI60-11.00850
850,RGI60-11.00851
851,RGI60-11.00852
852,RGI60-11.00853
853,RGI60-11.00854
854,RGI60-11.00855
855,RGI60-11.00856
856,RGI60-11.00857
857,RGI60-11.00858
858,RGI60-11.00859
859,RGI60-11.00860
860,RGI60-11.00861
861,RGI60-11.00862
862,RGI60-11.00863
863,RGI60-11.00864
864,RGI60-11.00865
865,RGI60-11.00866
866,RGI60-11.00867
867,RGI60-11.00868
868,RGI60-11.00869
869,RGI60-11.00870
870,RGI60-11.00871
871,RGI60-11.00872
872,RGI60-11.00873
873,RGI60-11.00874
874,RGI60-11.00875
875,RGI60-11.00876
876,RGI60-11.00877
877,RGI60-11.00878
878,RGI60-11.00879
879,RGI60-11.00880
880,RGI60-11.00881
881,RGI60-11.00882
882,RGI60-11.00883
883,RGI60-11.00884
884,RGI60-11.00885
885,RGI60-11.00886
886,RGI60-11.00887
887,RGI60-11.00888
888,RGI60-11.00889
889,RGI60-11.00890
890,RGI60-11.00891
891,RGI60-11.00892
892,RGI60-11.00893
893,RGI60-11.00894
894,RGI60-11.00895
895,RGI60-11.00896
896,RGI60-11.00897
897,RGI60-11.00898
898,RGI60-11.00899
899,RGI60-11.00900
900,RGI60-11.00901
901,RGI60-11.00902
902,RGI60-11.00903
903,RGI60-11.00904
904,RGI60-11.00905
905,RGI60-11.00906
906,RGI60-11.00907
907,RGI60-11.00908
908,RGI60-11.00909
909,RGI60-11.00910
910,RGI60-11.00911
911,RGI60-11.00912
912,RGI60-11.00913
913,RGI60-11.00914
914,RGI60-11.00915
915,RGI60-11.00916
916,RGI60-11.00917
917,RGI60-11.00918
918,RGI60-11.00919
919,RGI60-11.00920
920,RGI60-11.00921
921,RGI60-11.00922
922,RGI60-11.00923
923,RGI60-11.00924
924,RGI60-11.00925
925,RGI60-11.00926
926,RGI60-11.00927
927,RGI60-11.00928
928,RGI60-11.00929
929,RGI60-11.00930
930,RGI60-11.00931
931,RGI60-11.00932
932,RGI60-11.00933
933,RGI60-11.00934
934,RGI60-11.00935
935,RGI60-11.00936
936,RGI60-11.00937
937,RGI60-11.00938
938,RGI60-11.00939
939,RGI60-11.00940
940,RGI60-11.00941
941,RGI60-11.00942
942,RGI60-11.00943
943,RGI60-11.00944
944,RGI60-11.00945
945,RGI60-11.00946
946,RGI60-11.00947
947,RGI60-11.00948
948,RGI60-11.00949
949,RGI60-11.00950
950,RGI60-11.00951
951,RGI60-11.00952
952,RGI60-11.00953
953,RGI60-11.00954
954,RGI60-11.00955
955,RGI60-11.00956
956,RGI60-11.00957
957,RGI60-11.00958
958,RGI60-11.00959
959,RGI60-11.00960
960,RGI60-11.00961
961,RGI60-11.00962
962,RGI60-11.00963
963,RGI60-11.00964
964,RGI60-11.00965
965,RGI60-11.00966
966,RGI60-11.00967
967,RGI60-11.00968
968,RGI60-11.00969
969,RGI60-11.00970
970,RGI60-11.00971
971,RGI60-11.00972
972,RGI60-11.00973
973,RGI60-11.00974
974,RGI60-11.00975
975,RGI60-11.00976
976,RGI60-11.00977
977,RGI60-11.00978
978,RGI60-11.00979
979,RGI60-11.00980
980,RGI60-11.00981
981,RGI60-11.00982
982,RGI60-11.00983
983,RGI60-11.00984
984,RGI60-11.00985
985,RGI60-11.00986
986,RGI60-11.00987
987,RGI60-11.00988
988,RGI60-11.00989
989,RGI60-11.00990
990,RGI60-11.00991
991,RGI60-11.00992
992,RGI60-11.00993
993,RGI60-11.00994
994,RGI60-11.00995
995,RGI60-11.00996
996,RGI60-11.00997
997,RGI60-11.00998
998,RGI60-11.00999
999,RGI60-11.01000
1000,RGI60-11.01001
1001,RGI60-11.01002
1002,RGI60-11.01003
1003,RGI60-11.01004
1004,RGI60-11.01005
1005,RGI60-11.01006
1006,RGI60-11.01007
1007,RGI60-11.01008
1008,RGI60-11.01009
1009,RGI60-11.01010
1010,RGI60-11.01011
1011,RGI60-11.01012
1012,RGI60-11.01013
1013,RGI60-11.01014
1014,RGI60-11.01015
1015,RGI60-11.01016
1016,RGI60-11.01017
1017,RGI60-11.01018
1018,RGI60-11.01019
1019,RGI60-11.01020
1020,RGI60-11.01021
1021,RGI60-11.01022
1022,RGI60-11.01023
1023,RGI60-11.01024
1024,RGI60-11.01025
1025,RGI60-11.01026
1026,RGI60-11.01027
1027,RGI60-11.01028
1028,RGI60-11.01029
1029,RGI60-11.01030
1030,RGI60-11.01031
1031,RGI60-11.01032
1032,RGI60-11.01033
1033,RGI60-11.01034
1034,RGI60-11.01035
1035,RGI60-11.01036
1036,RGI60-11.01037
1037,RGI60-11.01038
1038,RGI60-11.01039
1039,RGI60-11.01040
1040,RGI60-11.01041
1041,RGI60-11.01042
1042,RGI60-11.01043
1043,RGI60-11.01044
1044,RGI60-11.01045
1045,RGI60-11.01046
1046,RGI60-11.01047
1047,RGI60-11.01048
1048,RGI60-11.01049
1049,RGI60-11.01050
1050,RGI60-11.01051
1051,RGI60-11.01052
1052,RGI60-11.01053
1053,RGI60-11.01054
1054,RGI60-11.01055
1055,RGI60-11.01056
1056,RGI60-11.01057
1057,RGI60-11.01058
1058,RGI60-11.01059
1059,RGI60-11.01060
1060,RGI60-11.01061
1061,RGI60-11.01062
1062,RGI60-11.01063
1063,RGI60-11.01064
1064,RGI60-11.01065
1065,RGI60-11.01066
1066,RGI60-11.01067
1067,RGI60-11.01068
1068,RGI60-11.01069
1069,RGI60-11.01070
1070,RGI60-11.01071
1071,RGI60-11.01072
1072,RGI60-11.01073
1073,RGI60-11.01074
1074,RGI60-11.01075
1075,RGI60-11.01076
1076,RGI60-11.01077
1077,RGI60-11.01078
1078,RGI60-11.01079
1079,RGI60-11.01080
1080,RGI60-11.01081
1081,RGI60-11.01082
1082,RGI60-11.01083
1083,RGI60-11.01084
1084,RGI60-11.01085
1085,RGI60-11.01086
1086,RGI60-11.01087
1087,RGI60-11.01088
1088,RGI60-11.01089
1089,RGI60-11.01090
1090,RGI60-11.01091
1091,RGI60-11.01092
1092,RGI60-11.01093
1093,RGI60-11.01094
1094,RGI60-11.01095
1095,RGI60-11.01096
1096,RGI60-11.01097
1097,RGI60-11.01098
1098,RGI60-11.01099
1099,RGI60-11.01100
1100,RGI60-11.01101
1101,RGI60-11.01102
1102,RGI60-11.01103
1103,RGI60-11.01104
1104,RGI60-11.01105
1105,RGI60-11.01106
1106,RGI60-11.01107
1107,RGI60-11.01108
1108,RGI60-11.01109
1109,RGI60-11.01110
1110,RGI60-11.01111
1111,RGI60-11.01112
1112,RGI60-11.01113
1113,RGI60-11.01114
1114,RGI60-11.01115
1115,RGI60-11.01116
1116,RGI60-11.01117
1117,RGI60-11.01118
1118,RGI60-11.01119
1119,RGI60-11.01120
1120,RGI60-11.01121
1121,RGI60-11.01122
1122,RGI60-11.01123
1123,RGI60-11.01124
1124,RGI60-11.01125
1125,RGI60-11.01126
1126,RGI60-11.01127
1127,RGI60-11.01128
1128,RGI60-11.01129
1129,RGI60-11.01130
1130,RGI60-11.01131
1131,RGI60-11.01132
1132,RGI60-11.01133
1133,RGI60-11.01134
1134,RGI60-11.01135
1135,RGI60-11.01136
1136,RGI60-11.01137
1137,RGI60-11.01138
1138,RGI60-11.01139
1139,RGI60-11.01140
1140,RGI60-11.01141
1141,RGI60-11.01142
1142,RGI60-11.01143
1143,RGI60-11.01144
1144,RGI60-11.01145
1145,RGI60-11.01146
1146,RGI60-11.01147
1147,RGI60-11.01148
1148,RGI60-11.01149
1149,RGI60-11.01150
1150,RGI60-11.01151
1151,RGI60-11.01152
1152,RGI60-11.01153
1153,RGI60-11.01154
1154,RGI60-11.01155
1155,RGI60-11.01156
1156,RGI60-11.01157
1157,RGI60-11.01158
1158,RGI60-11.01159
1159,RGI60-11.01160
1160,RGI60-11.01161
1161,RGI60-11.01162
1162,RGI60-11.01163
1163,RGI60-11.01164
1164,RGI60-11.01165
1165,RGI60-11.01166
1166,RGI60-11.01167
1167,RGI60-11.01168
1168,RGI60-11.01169
1169,RGI60-11.01170
1170,RGI60-11.01171
1171,RGI60-11.01172
1172,RGI60-11.01173
1173,RGI60-11.01174
1174,RGI60-11.01175
1175,RGI60-11.01176
1176,RGI60-11.01177
1177,RGI60-11.01178
1178,RGI60-11.01179
1179,RGI60-11.01180
1180,RGI60-11.01181
1181,RGI60-11.01182
1182,RGI60-11.01183
1183,RGI60-11.01184
1184,RGI60-11.01185
1185,RGI60-11.01186
1186,RGI60-11.01187
1187,RGI60-11.01188
1188,RGI60-11.01189
1189,RGI60-11.01190
1190,RGI60-11.01191
1191,RGI60-11.01192
1192,RGI60-11.01193
1193,RGI60-11.01194
1194,RGI60-11.01195
1195,RGI60-11.01196
1196,RGI60-11.01197
1197,RGI60-11.01198
1198,RGI60-11.01199
1199,RGI60-11.01200
1200,RGI60-11.01201
1201,RGI60-11.01202
1202,RGI60-11.01203
1203,RGI60-11.01204
1204,RGI60-11.01205
1205,RGI60-11.01206
1206,RGI60-11.01207
1207,RGI60-11.01208
1208,RGI60-11.01209
1209,RGI60-11.01210
1210,RGI60-11.01211
1211,RGI60-11.01212
1212,RGI60-11.01213
1213,RGI60-11.01214
1214,RGI60-11.01215
1215,RGI60-11.01216
1216,RGI60-11.01217
1217,RGI60-11.01218
1218,RGI60-11.01219
1219,RGI60-11.01220
1220,RGI60-11.01221
1221,RGI60-11.01222
1222,RGI60-11.01223
1223,RGI60-11.01224
1224,RGI60-11.01225
1225,RGI60-11.01226
1226,RGI60-11.01227
1227,RGI60-11.01228
1228,RGI60-11.01229
1229,RGI60-11.01230
1230,RGI60-11.01231
1231,RGI60-11.01232
1232,RGI60-11.01233
1233,RGI60-11.01234
1234,RGI60-11.01235
1235,RGI60-11.01236
1236,RGI60-11.01237
1237,RGI60-11.01238
1238,RGI60-11.01239
1239,RGI60-11.01240
1240,RGI60-11.01241
1241,RGI60-11.01242
1242,RGI60-11.01243
1243,RGI60-11.01244
1244,RGI60-11.01245
1245,RGI60-11.01246
1246,RGI60-11.01247
1247,RGI60-11.01248
1248,RGI60-11.01249
1249,RGI60-11.01250
1250,RGI60-11.01251
1251,RGI60-11.01252
1252,RGI60-11.01253
1253,RGI60-11.01254
1254,RGI60-11.01255
1255,RGI60-11.01256
1256,RGI60-11.01257
1257,RGI60-11.01258
1258,RGI60-11.01259
1259,RGI60-11.01260
1260,RGI60-11.01261
1261,RGI60-11.01262
1262,RGI60-11.01263
1263,RGI60-11.01264
1264,RGI60-11.01265
1265,RGI60-11.01266
1266,RGI60-11.01267
1267,RGI60-11.01268
1268,RGI60-11.01269
1269,RGI60-11.01270
1270,RGI60-11.01271
1271,RGI60-11.01272
1272,RGI60-11.01273
1273,RGI60-11.01274
1274,RGI60-11.01275
1275,RGI60-11.01276
1276,RGI60-11.01277
1277,RGI60-11.01278
1278,RGI60-11.01279
1279,RGI60-11.01280
1280,RGI60-11.01281
1281,RGI60-11.01282
1282,RGI60-11.01283
1283,RGI60-11.01284
1284,RGI60-11.01285
1285,RGI60-11.01286
1286,RGI60-11.01287
1287,RGI60-11.01288
1288,RGI60-11.01289
1289,RGI60-11.01290
1290,RGI60-11.01291
1291,RGI60-11.01292
1292,RGI60-11.01293
1293,RGI60-11.01294
1294,RGI60-11.01295
1295,RGI60-11.01296
1296,RGI60-11.01297
1297,RGI60-11.01298
1298,RGI60-11.01299
1299,RGI60-11.01300
1300,RGI60-11.01301
1301,RGI60-11.01302
1302,RGI60-11.01303
1303,RGI60-11.01304
1304,RGI60-11.01305
1305,RGI60-11.01306
1306,RGI60-11.01307
1307,RGI60-11.01308
1308,RGI60-11.01309
1309,RGI60-11.01310
1310,RGI60-11.01311
1311,RGI60-11.01312
1312,RGI60-11.01313
1313,RGI60-11.01314
1314,RGI60-11.01315
1315,RGI60-11.01316
1316,RGI60-11.01317
1317,RGI60-11.01318
1318,RGI60-11.01319
1319,RGI60-11.01320
1320,RGI60-11.01321
1321,RGI60-11.01322
1322,RGI60-11.01323
1323,RGI60-11.01324
1324,RGI60-11.01325
1325,RGI60-11.01326
1326,RGI60-11.01327
1327,RGI60-11.01328
1328,RGI60-11.01329
1329,RGI60-11.01330
1330,RGI60-11.01331
1331,RGI60-11.01332
1332,RGI60-11.01333
1333,RGI60-11.01334
1334,RGI60-11.01335
1335,RGI60-11.01336
1336,RGI60-11.01337
1337,RGI60-11.01338
1338,RGI60-11.01339
1339,RGI60-11.01340
1340,RGI60-11.01341
1341,RGI60-11.01342
1342,RGI60-11.01343
1343,RGI60-11.01344
1344,RGI60-11.01345
1345,RGI60-11.01346
1346,RGI60-11.01347
1347,RGI60-11.01348
1348,RGI60-11.01349
1349,RGI60-11.01350
1350,RGI60-11.01351
1351,RGI60-11.01352
1352,RGI60-11.01353
1353,RGI60-11.01354
1354,RGI60-11.01355
1355,RGI60-11.01356
1356,RGI60-11.01357
1357,RGI60-11.01358
1358,RGI60-11.01359
1359,RGI60-11.01360
1360,RGI60-11.01361
1361,RGI60-11.01362
1362,RGI60-11.01363
1363,RGI60-11.01364
1364,RGI60-11.01365
1365,RGI60-11.01366
1366,RGI60-11.01367
1367,RGI60-11.01368
1368,RGI60-11.01369
1369,RGI60-11.01370
1370,RGI60-11.01371
1371,RGI60-11.01372
1372,RGI60-11.01373
1373,RGI60-11.01374
1374,RGI60-11.01375
1375,RGI60-11.01376
1376,RGI60-11.01377
1377,RGI60-11.01378
1378,RGI60-11.01379
1379,RGI60-11.01380
1380,RGI60-11.01381
1381,RGI60-11.01382
1382,RGI60-11.01383
1383,RGI60-11.01384
1384,RGI60-11.01385
1385,RGI60-11.01386
1386,RGI60-11.01387
1387,RGI60-11.01388
1388,RGI60-11.01389
1389,RGI60-11.01390
1390,RGI60-11.01391
1391,RGI60-11.01392
1392,RGI60-11.01393
1393,RGI60-11.01394
1394,RGI60-11.01395
1395,RGI60-11.01396
1396,RGI60-11.01397
1397,RGI60-11.01398
1398,RGI60-11.01399
1399,RGI60-11.01400
1400,RGI60-11.01401
1401,RGI60-11.01402
1402,RGI60-11.01403
1403,RGI60-11.01404
1404,RGI60-11.01405
1405,RGI60-11.01406
1406,RGI60-11.01407
1407,RGI60-11.01408
1408,RGI60-11.01409
1409,RGI60-11.01410
1410,RGI60-11.01411
1411,RGI60-11.01412
1412,RGI60-11.01413
1413,RGI60-11.01414
1414,RGI60-11.01415
1415,RGI60-11.01416
1416,RGI60-11.01417
1417,RGI60-11.01418
1418,RGI60-11.01419
1419,RGI60-11.01420
1420,RGI60-11.01421
1421,RGI60-11.01422
1422,RGI60-11.01423
1423,RGI60-11.01424
1424,RGI60-11.01425
1425,RGI60-11.01426
1426,RGI60-11.01427
1427,RGI60-11.01428
1428,RGI60-11.01429
1429,RGI60-11.01430
1430,RGI60-11.01431
1431,RGI60-11.01432
1432,RGI60-11.01433
1433,RGI60-11.01434
1434,RGI60-11.01435
1435,RGI60-11.01436
1436,RGI60-11.01437
1437,RGI60-11.01438
1438,RGI60-11.01439
1439,RGI60-11.01440
1440,RGI60-11.01441
1441,RGI60-11.01442
1442,RGI60-11.01443
1443,RGI60-11.01444
1444,RGI60-11.01445
1445,RGI60-11.01446
1446,RGI60-11.01447
1447,RGI60-11.01448
1448,RGI60-11.01449
1449,RGI60-11.01450
1450,RGI60-11.01451
1451,RGI60-11.01452
1452,RGI60-11.01453
1453,RGI60-11.01454
1454,RGI60-11.01455
1455,RGI60-11.01456
1456,RGI60-11.01457
1457,RGI60-11.01458
1458,RGI60-11.01459
1459,RGI60-11.01460
1460,RGI60-11.01461
1461,RGI60-11.01462
1462,RGI60-11.01463
1463,RGI60-11.01464
1464,RGI60-11.01465
1465,RGI60-11.01466
1466,RGI60-11.01467
1467,RGI60-11.01468
1468,RGI60-11.01469
1469,RGI60-11.01470
1470,RGI60-11.01471
1471,RGI60-11.01472
1472,RGI60-11.01473
1473,RGI60-11.01474
1474,RGI60-11.01475
1475,RGI60-11.01476
1476,RGI60-11.01477
1477,RGI60-11.01478
1478,RGI60-11.01479
1479,RGI60-11.01480
1480,RGI60-11.01481
1481,RGI60-11.01482
1482,RGI60-11.01483
1483,RGI60-11.01484
1484,RGI60-11.01485
1485,RGI60-11.01486
1486,RGI60-11.01487
1487,RGI60-11.01488
1488,RGI60-11.01489
1489,RGI60-11.01490
1490,RGI60-11.01491
1491,RGI60-11.01492
1492,RGI60-11.01493
1493,RGI60-11.01494
1494,RGI60-11.01495
1495,RGI60-11.01496
1496,RGI60-11.01497
1497,RGI60-11.01498
1498,RGI60-11.01499
1499,RGI60-11.01500
1500,RGI60-11.01501
1501,RGI60-11.01502
1502,RGI60-11.01503
1503,RGI60-11.01504
1504,RGI60-11.01505
1505,RGI60-11.01506
1506,RGI60-11.01507
1507,RGI60-11.01508
1508,RGI60-11.01509
1509,RGI60-11.01510
1510,RGI60-11.01511
1511,RGI60-11.01512
1512,RGI60-11.01513
1513,RGI60-11.01514
1514,RGI60-11.01515
1515,RGI60-11.01516
1516,RGI60-11.01517
1517,RGI60-11.01518
1518,RGI60-11.01519
1519,RGI60-11.01520
1520,RGI60-11.01521
1521,RGI60-11.01522
1522,RGI60-11.01523
1523,RGI60-11.01524
1524,RGI60-11.01525
1525,RGI60-11.01526
1526,RGI60-11.01527
1527,RGI60-11.01528
1528,RGI60-11.01529
1529,RGI60-11.01530
1530,RGI60-11.01531
1531,RGI60-11.01532
1532,RGI60-11.01533
1533,RGI60-11.01534
1534,RGI60-11.01535
1535,RGI60-11.01536
1536,RGI60-11.01537
1537,RGI60-11.01538
1538,RGI60-11.01539
1539,RGI60-11.01540
1540,RGI60-11.01541
1541,RGI60-11.01542
1542,RGI60-11.01543
1543,RGI60-11.01544
1544,RGI60-11.01545
1545,RGI60-11.01546
1546,RGI60-11.01547
1547,RGI60-11.01548
1548,RGI60-11.01549
1549,RGI60-11.01550
1550,RGI60-11.01551
1551,RGI60-11.01552
1552,RGI60-11.01553
1553,RGI60-11.01554
1554,RGI60-11.01555
1555,RGI60-11.01556
1556,RGI60-11.01557
1557,RGI60-11.01558
1558,RGI60-11.01559
1559,RGI60-11.01560
1560,RGI60-11.01561
1561,RGI60-11.01562
1562,RGI60-11.01563
1563,RGI60-11.01564
1564,RGI60-11.01565
1565,RGI60-11.01566
1566,RGI60-11.01567
1567,RGI60-11.01568
1568,RGI60-11.01569
1569,RGI60-11.01570
1570,RGI60-11.01571
1571,RGI60-11.01572
1572,RGI60-11.01573
1573,RGI60-11.01574
1574,RGI60-11.01575
1575,RGI60-11.01576
1576,RGI60-11.01577
1577,RGI60-11.01578
1578,RGI60-11.01579
1579,RGI60-11.01580
1580,RGI60-11.01581
1581,RGI60-11.01582
1582,RGI60-11.01583
1583,RGI60-11.01584
1584,RGI60-11.01585
1585,RGI60-11.01586
1586,RGI60-11.01587
1587,RGI60-11.01588
1588,RGI60-11.01589
1589,RGI60-11.01590
1590,RGI60-11.01591
1591,RGI60-11.01592
1592,RGI60-11.01593
1593,RGI60-11.01594
1594,RGI60-11.01595
1595,RGI60-11.01596
1596,RGI60-11.01597
1597,RGI60-11.01598
1598,RGI60-11.01599
1599,RGI60-11.01600
1600,RGI60-11.01601
1601,RGI60-11.01602
1602,RGI60-11.01603
1603,RGI60-11.01604
1604,RGI60-11.01605
1605,RGI60-11.01606
1606,RGI60-11.01607
1607,RGI60-11.01608
1608,RGI60-11.01609
1609,RGI60-11.01610
1610,RGI60-11.01611
1611,RGI60-11.01612
1612,RGI60-11.01613
1613,RGI60-11.01614
1614,RGI60-11.01615
1615,RGI60-11.01616
1616,RGI60-11.01617
1617,RGI60-11.01618
1618,RGI60-11.01619
1619,RGI60-11.01620
1620,RGI60-11.01621
1621,RGI60-11.01622
1622,RGI60-11.01623
1623,RGI60-11.01624
1624,RGI60-11.01625
1625,RGI60-11.01626
1626,RGI60-11.01627
1627,RGI60-11.01628
1628,RGI60-11.01629
1629,RGI60-11.01630
1630,RGI60-11.01631
1631,RGI60-11.01632
1632,RGI60-11.01633
1633,RGI60-11.01634
1634,RGI60-11.01635
1635,RGI60-11.01636
1636,RGI60-11.01637
1637,RGI60-11.01638
1638,RGI60-11.01639
1639,RGI60-11.01640
1640,RGI60-11.01641
1641,RGI60-11.01642
1642,RGI60-11.01643
1643,RGI60-11.01644
1644,RGI60-11.01645
1645,RGI60-11.01646
1646,RGI60-11.01647
1647,RGI60-11.01648
1648,RGI60-11.01649
1649,RGI60-11.01650
1650,RGI60-11.01651
1651,RGI60-11.01652
1652,RGI60-11.01653
1653,RGI60-11.01654
1654,RGI60-11.01655
1655,RGI60-11.01656
1656,RGI60-11.01657
1657,RGI60-11.01658
1658,RGI60-11.01659
1659,RGI60-11.01660
1660,RGI60-11.01661
1661,RGI60-11.01662
1662,RGI60-11.01663
1663,RGI60-11.01664
1664,RGI60-11.01665
1665,RGI60-11.01666
1666,RGI60-11.01667
1667,RGI60-11.01668
1668,RGI60-11.01669
1669,RGI60-11.01670
1670,RGI60-11.01671
1671,RGI60-11.01672
1672,RGI60-11.01673
1673,RGI60-11.01674
1674,RGI60-11.01675
1675,RGI60-11.01676
1676,RGI60-11.01677
1677,RGI60-11.01678
1678,RGI60-11.01679
1679,RGI60-11.01680
1680,RGI60-11.01681
1681,RGI60-11.01682
1682,RGI60-11.01683
1683,RGI60-11.01684
1684,RGI60-11.01685
1685,RGI60-11.01686
1686,RGI60-11.01687
1687,RGI60-11.01688
1688,RGI60-11.01689
1689,RGI60-11.01690
1690,RGI60-11.01691
1691,RGI60-11.01692
1692,RGI60-11.01693
1693,RGI60-11.01694
1694,RGI60-11.01695
1695,RGI60-11.01696
1696,RGI60-11.01697
1697,RGI60-11.01698
1698,RGI60-11.01699
1699,RGI60-11.01700
1700,RGI60-11.01701
1701,RGI60-11.01702
1702,RGI60-11.01703
1703,RGI60-11.01704
1704,RGI60-11.01705
1705,RGI60-11.01706
1706,RGI60-11.01707
1707,RGI60-11.01708
1708,RGI60-11.01709
1709,RGI60-11.01710
1710,RGI60-11.01711
1711,RGI60-11.01712
1712,RGI60-11.01713
1713,RGI60-11.01714
1714,RGI60-11.01715
1715,RGI60-11.01716
1716,RGI60-11.01717
1717,RGI60-11.01718
1718,RGI60-11.01719
1719,RGI60-11.01720
1720,RGI60-11.01721
1721,RGI60-11.01722
1722,RGI60-11.01723
1723,RGI60-11.01724
1724,RGI60-11.01725
1725,RGI60-11.01726
1726,RGI60-11.01727
1727,RGI60-11.01728
1728,RGI60-11.01729
1729,RGI60-11.01730
1730,RGI60-11.01731
1731,RGI60-11.01732
1732,RGI60-11.01733
1733,RGI60-11.01734
1734,RGI60-11.01735
1735,RGI60-11.01736
1736,RGI60-11.01737
1737,RGI60-11.01738
1738,RGI60-11.01739
1739,RGI60-11.01740
1740,RGI60-11.01741
1741,RGI60-11.01742
1742,RGI60-11.01743
1743,RGI60-11.01744
1744,RGI60-11.01745
1745,RGI60-11.01746
1746,RGI60-11.01747
1747,RGI60-11.01748
1748,RGI60-11.01749
1749,RGI60-11.01750
1750,RGI60-11.01751
1751,RGI60-11.01752
1752,RGI60-11.01753
1753,RGI60-11.01754
1754,RGI60-11.01755
1755,RGI60-11.01756
1756,RGI60-11.01757
1757,RGI60-11.01758
1758,RGI60-11.01759
1759,RGI60-11.01760
1760,RGI60-11.01761
1761,RGI60-11.01762
1762,RGI60-11.01763
1763,RGI60-11.01764
1764,RGI60-11.01765
1765,RGI60-11.01766
1766,RGI60-11.01767
1767,RGI60-11.01768
1768,RGI60-11.01769
1769,RGI60-11.01770
1770,RGI60-11.01771
1771,RGI60-11.01772
1772,RGI60-11.01773
1773,RGI60-11.01774
1774,RGI60-11.01775
1775,RGI60-11.01776
1776,RGI60-11.01777
1777,RGI60-11.01778
1778,RGI60-11.01779
1779,RGI60-11.01780
1780,RGI60-11.01781
1781,RGI60-11.01782
1782,RGI60-11.01783
1783,RGI60-11.01784
1784,RGI60-11.01785
1785,RGI60-11.01786
1786,RGI60-11.01787
1787,RGI60-11.01788
1788,RGI60-11.01789
1789,RGI60-11.01790
1790,RGI60-11.01791
1791,RGI60-11.01792
1792,RGI60-11.01793
1793,RGI60-11.01794
1794,RGI60-11.01795
1795,RGI60-11.01796
1796,RGI60-11.01797
1797,RGI60-11.01798
1798,RGI60-11.01799
1799,RGI60-11.01800
1800,RGI60-11.01801
1801,RGI60-11.01802
1802,RGI60-11.01803
1803,RGI60-11.01804
1804,RGI60-11.01805
1805,RGI60-11.01806
1806,RGI60-11.01807
1807,RGI60-11.01808
1808,RGI60-11.01809
1809,RGI60-11.01810
1810,RGI60-11.01811
1811,RGI60-11.01812
1812,RGI60-11.01813
1813,RGI60-11.01814
1814,RGI60-11.01815
1815,RGI60-11.01816
1816,RGI60-11.01817
1817,RGI60-11.01818
1818,RGI60-11.01819
1819,RGI60-11.01820
1820,RGI60-11.01821
1821,RGI60-11.01822
1822,RGI60-11.01823
1823,RGI60-11.01824
1824,RGI60-11.01825
1825,RGI60-11.01826
1826,RGI60-11.01827
1827,RGI60-11.01828
1828,RGI60-11.01829
1829,RGI60-11.01830
1830,RGI60-11.01831
1831,RGI60-11.01832
1832,RGI60-11.01833
1833,RGI60-11.01834
1834,RGI60-11.01835
1835,RGI60-11.01836
1836,RGI60-11.01837
1837,RGI60-11.01838
1838,RGI60-11.01839
1839,RGI60-11.01840
1840,RGI60-11.01841
1841,RGI60-11.01842
1842,RGI60-11.01843
1843,RGI60-11.01844
1844,RGI60-11.01845
1845,RGI60-11.01846
1846,RGI60-11.01847
1847,RGI60-11.01848
1848,RGI60-11.01849
1849,RGI60-11.01850
1850,RGI60-11.01851
1851,RGI60-11.01852
1852,RGI60-11.01853
1853,RGI60-11.01854
1854,RGI60-11.01855
1855,RGI60-11.01856
1856,RGI60-11.01857
1857,RGI60-11.01858
1858,RGI60-11.01859
1859,RGI60-11.01860
1860,RGI60-11.01861
1861,RGI60-11.01862
1862,RGI60-11.01863
1863,RGI60-11.01864
1864,RGI60-11.01865
1865,RGI60-11.01866
1866,RGI60-11.01867
1867,RGI60-11.01868
1868,RGI60-11.01869
1869,RGI60-11.01870
1870,RGI60-11.01871
1871,RGI60-11.01872
1872,RGI60-11.01873
1873,RGI60-11.01874
1874,RGI60-11.01875
1875,RGI60-11.01876
1876,RGI60-11.01877
1877,RGI60-11.01878
1878,RGI60-11.01879
1879,RGI60-11.01880
1880,RGI60-11.01881
1881,RGI60-11.01882
1882,RGI60-11.01883
1883,RGI60-11.01884
1884,RGI60-11.01885
1885,RGI60-11.01886
1886,RGI60-11.01887
1887,RGI60-11.01888
1888,RGI60-11.01889
1889,RGI60-11.01890
1890,RGI60-11.01891
1891,RGI60-11.01892
1892,RGI60-11.01893
1893,RGI60-11.01894
1894,RGI60-11.01895
1895,RGI60-11.01896
1896,RGI60-11.01897
1897,RGI60-11.01898
1898,RGI60-11.01899
1899,RGI60-11.01900
1900,RGI60-11.01901
1901,RGI60-11.01902
1902,RGI60-11.01903
1903,RGI60-11.01904
1904,RGI60-11.01905
1905,RGI60-11.01906
1906,RGI60-11.01907
1907,RGI60-11.01908
1908,RGI60-11.01909
1909,RGI60-11.01910
1910,RGI60-11.01911
1911,RGI60-11.01912
1912,RGI60-11.01913
1913,RGI60-11.01914
1914,RGI60-11.01915
1915,RGI60-11.01916
1916,RGI60-11.01917
1917,RGI60-11.01918
1918,RGI60-11.01919
1919,RGI60-11.01920
1920,RGI60-11.01921
1921,RGI60-11.01922
1922,RGI60-11.01923
1923,RGI60-11.01924
1924,RGI60-11.01925
1925,RGI60-11.01926
1926,RGI60-11.01927
1927,RGI60-11.01928
1928,RGI60-11.01929
1929,RGI60-11.01930
1930,RGI60-11.01931
1931,RGI60-11.01932
1932,RGI60-11.01933
1933,RGI60-11.01934
1934,RGI60-11.01935
1935,RGI60-11.01936
1936,RGI60-11.01937
1937,RGI60-11.01938
1938,RGI60-11.01939
1939,RGI60-11.01940
1940,RGI60-11.01941
1941,RGI60-11.01942
1942,RGI60-11.01943
1943,RGI60-11.01944
1944,RGI60-11.01945
1945,RGI60-11.01946
1946,RGI60-11.01947
1947,RGI60-11.01948
1948,RGI60-11.01949
1949,RGI60-11.01950
1950,RGI60-11.01951
1951,RGI60-11.01952
1952,RGI60-11.01953
1953,RGI60-11.01954
1954,RGI60-11.01955
1955,RGI60-11.01956
1956,RGI60-11.01957
1957,RGI60-11.01958
1958,RGI60-11.01959
1959,RGI60-11.01960
1960,RGI60-11.01961
1961,RGI60-11.01962
1962,RGI60-11.01963
1963,RGI60-11.01964
1964,RGI60-11.01965
1965,RGI60-11.01966
1966,RGI60-11.01967
1967,RGI60-11.01968
1968,RGI60-11.01969
1969,RGI60-11.01970
1970,RGI60-11.01971
1971,RGI60-11.01972
1972,RGI60-11.01973
1973,RGI60-11.01974
1974,RGI60-11.01975
1975,RGI60-11.01976
1976,RGI60-11.01977
1977,RGI60-11.01978
1978,RGI60-11.01979
1979,RGI60-11.01980
1980,RGI60-11.01981
1981,RGI60-11.01982
1982,RGI60-11.01983
1983,RGI60-11.01984
1984,RGI60-11.01985
1985,RGI60-11.01986
1986,RGI60-11.01987
1987,RGI60-11.01988
1988,RGI60-11.01989
1989,RGI60-11.01990
1990,RGI60-11.01991
1991,RGI60-11.01992
1992,RGI60-11.01993
1993,RGI60-11.01994
1994,RGI60-11.01995
1995,RGI60-11.01996
1996,RGI60-11.01997
1997,RGI60-11.01998
1998,RGI60-11.01999
1999,RGI60-11.02000
2000,RGI60-11.02001
2001,RGI60-11.02002
2002,RGI60-11.02003
2003,RGI60-11.02004
2004,RGI60-11.02005
2005,RGI60-11.02006
2006,RGI60-11.02007
2007,RGI60-11.02008
2008,RGI60-11.02009
2009,RGI60-11.02010
2010,RGI60-11.02011
2011,RGI60-11.02012
2012,RGI60-11.02013
2013,RGI60-11.02014
2014,RGI60-11.02015
2015,RGI60-11.02016
2016,RGI60-11.02017
2017,RGI60-11.02018
2018,RGI60-11.02019
2019,RGI60-11.02020
2020,RGI60-11.02021
2021,RGI60-11.02022
2022,RGI60-11.02023
2023,RGI60-11.02024
2024,RGI60-11.02025
2025,RGI60-11.02026
2026,RGI60-11.02027
2027,RGI60-11.02028
2028,RGI60-11.02029
2029,RGI60-11.02030
2030,RGI60-11.02031
2031,RGI60-11.02032
2032,RGI60-11.02033
2033,RGI60-11.02034
2034,RGI60-11.02035
2035,RGI60-11.02036
2036,RGI60-11.02037
2037,RGI60-11.02038
2038,RGI60-11.02039
2039,RGI60-11.02040
2040,RGI60-11.02041
2041,RGI60-11.02042
2042,RGI60-11.02043
2043,RGI60-11.02044
2044,RGI60-11.02045
2045,RGI60-11.02046
2046,RGI60-11.02047
2047,RGI60-11.02048
2048,RGI60-11.02049
2049,RGI60-11.02050
2050,RGI60-11.02051
2051,RGI60-11.02052
2052,RGI60-11.02053
2053,RGI60-11.02054
2054,RGI60-11.02055
2055,RGI60-11.02056
2056,RGI60-11.02057
2057,RGI60-11.02058
2058,RGI60-11.02059
2059,RGI60-11.02060
2060,RGI60-11.02061
2061,RGI60-11.02062
2062,RGI60-11.02063
2063,RGI60-11.02064
2064,RGI60-11.02065
2065,RGI60-11.02066
2066,RGI60-11.02067
2067,RGI60-11.02068
2068,RGI60-11.02069
2069,RGI60-11.02070
2070,RGI60-11.02071
2071,RGI60-11.02072
2072,RGI60-11.02073
2073,RGI60-11.02074
2074,RGI60-11.02075
2075,RGI60-11.02076
2076,RGI60-11.02077
2077,RGI60-11.02078
2078,RGI60-11.02079
2079,RGI60-11.02080
2080,RGI60-11.02081
2081,RGI60-11.02082
2082,RGI60-11.02083
2083,RGI60-11.02084
2084,RGI60-11.02085
2085,RGI60-11.02086
2086,RGI60-11.02087
2087,RGI60-11.02088
2088,RGI60-11.02089
2089,RGI60-11.02090
2090,RGI60-11.02091
2091,RGI60-11.02092
2092,RGI60-11.02093
2093,RGI60-11.02094
2094,RGI60-11.02095
2095,RGI60-11.02096
2096,RGI60-11.02097
2097,RGI60-11.02098
2098,RGI60-11.02099
2099,RGI60-11.02100
2100,RGI60-11.02101
2101,RGI60-11.02102
2102,RGI60-11.02103
2103,RGI60-11.02104
2104,RGI60-11.02105
2105,RGI60-11.02106
2106,RGI60-11.02107
2107,RGI60-11.02108
2108,RGI60-11.02109
2109,RGI60-11.02110
2110,RGI60-11.02111
2111,RGI60-11.02112
2112,RGI60-11.02113
2113,RGI60-11.02114
2114,RGI60-11.02115
2115,RGI60-11.02116
2116,RGI60-11.02117
2117,RGI60-11.02118
2118,RGI60-11.02119
2119,RGI60-11.02120
2120,RGI60-11.02121
2121,RGI60-11.02122
2122,RGI60-11.02123
2123,RGI60-11.02124
2124,RGI60-11.02125
2125,RGI60-11.02126
2126,RGI60-11.02127
2127,RGI60-11.02128
2128,RGI60-11.02129
2129,RGI60-11.02130
2130,RGI60-11.02131
2131,RGI60-11.02132
2132,RGI60-11.02133
2133,RGI60-11.02134
2134,RGI60-11.02135
2135,RGI60-11.02136
2136,RGI60-11.02137
2137,RGI60-11.02138
2138,RGI60-11.02139
2139,RGI60-11.02140
2140,RGI60-11.02141
2141,RGI60-11.02142
2142,RGI60-11.02143
2143,RGI60-11.02144
2144,RGI60-11.02145
2145,RGI60-11.02146
2146,RGI60-11.02147
2147,RGI60-11.02148
2148,RGI60-11.02149
2149,RGI60-11.02150
2150,RGI60-11.02151
2151,RGI60-11.02152
2152,RGI60-11.02153
2153,RGI60-11.02154
2154,RGI60-11.02155
2155,RGI60-11.02156
2156,RGI60-11.02157
2157,RGI60-11.02158
2158,RGI60-11.02159
2159,RGI60-11.02160
2160,RGI60-11.02161
2161,RGI60-11.02162
2162,RGI60-11.02163
2163,RGI60-11.02164
2164,RGI60-11.02165
2165,RGI60-11.02166
2166,RGI60-11.02167
2167,RGI60-11.02168
2168,RGI60-11.02169
2169,RGI60-11.02170
2170,RGI60-11.02171
2171,RGI60-11.02172
2172,RGI60-11.02173
2173,RGI60-11.02174
2174,RGI60-11.02175
2175,RGI60-11.02176
2176,RGI60-11.02177
2177,RGI60-11.02178
2178,RGI60-11.02179
2179,RGI60-11.02180
2180,RGI60-11.02181
2181,RGI60-11.02182
2182,RGI60-11.02183
2183,RGI60-11.02184
2184,RGI60-11.02185
2185,RGI60-11.02186
2186,RGI60-11.02187
2187,RGI60-11.02188
2188,RGI60-11.02189
2189,RGI60-11.02190
2190,RGI60-11.02191
2191,RGI60-11.02192
2192,RGI60-11.02193
2193,RGI60-11.02194
2194,RGI60-11.02195
2195,RGI60-11.02196
2196,RGI60-11.02197
2197,RGI60-11.02198
2198,RGI60-11.02199
2199,RGI60-11.02200
2200,RGI60-11.02201
2201,RGI60-11.02202
2202,RGI60-11.02203
2203,RGI60-11.02204
2204,RGI60-11.02205
2205,RGI60-11.02206
2206,RGI60-11.02207
2207,RGI60-11.02208
2208,RGI60-11.02209
2209,RGI60-11.02210
2210,RGI60-11.02211
2211,RGI60-11.02212
2212,RGI60-11.02213
2213,RGI60-11.02214
2214,RGI60-11.02215
2215,RGI60-11.02216
2216,RGI60-11.02217
2217,RGI60-11.02218
2218,RGI60-11.02219
2219,RGI60-11.02220
2220,RGI60-11.02221
2221,RGI60-11.02222
2222,RGI60-11.02223
2223,RGI60-11.02224
2224,RGI60-11.02225
2225,RGI60-11.02226
2226,RGI60-11.02227
2227,RGI60-11.02228
2228,RGI60-11.02229
2229,RGI60-11.02230
2230,RGI60-11.02231
2231,RGI60-11.02232
2232,RGI60-11.02233
2233,RGI60-11.02234
2234,RGI60-11.02235
2235,RGI60-11.02236
2236,RGI60-11.02237
2237,RGI60-11.02238
2238,RGI60-11.02239
2239,RGI60-11.02240
2240,RGI60-11.02241
2241,RGI60-11.02242
2242,RGI60-11.02243
2243,RGI60-11.02244
2244,RGI60-11.02245
2245,RGI60-11.02246
2246,RGI60-11.02247
2247,RGI60-11.02248
2248,RGI60-11.02249
2249,RGI60-11.02250
2250,RGI60-11.02251
2251,RGI60-11.02252
2252,RGI60-11.02253
2253,RGI60-11.02254
2254,RGI60-11.02255
2255,RGI60-11.02256
2256,RGI60-11.02257
2257,RGI60-11.02258
2258,RGI60-11.02259
2259,RGI60-11.02260
2260,RGI60-11.02261
2261,RGI60-11.02262
2262,RGI60-11.02263
2263,RGI60-11.02264
2264,RGI60-11.02265
2265,RGI60-11.02266
2266,RGI60-11.02267
2267,RGI60-11.02268
2268,RGI60-11.02269
2269,RGI60-11.02270
2270,RGI60-11.02271
2271,RGI60-11.02272
2272,RGI60-11.02273
2273,RGI60-11.02274
2274,RGI60-11.02275
2275,RGI60-11.02276
2276,RGI60-11.02277
2277,RGI60-11.02278
2278,RGI60-11.02279
2279,RGI60-11.02280
2280,RGI60-11.02281
2281,RGI60-11.02282
2282,RGI60-11.02283
2283,RGI60-11.02284
2284,RGI60-11.02285
2285,RGI60-11.02286
2286,RGI60-11.02287
2287,RGI60-11.02288
2288,RGI60-11.02289
2289,RGI60-11.02290
2290,RGI60-11.02291
2291,RGI60-11.02292
2292,RGI60-11.02293
2293,RGI60-11.02294
2294,RGI60-11.02295
2295,RGI60-11.02296
2296,RGI60-11.02297
2297,RGI60-11.02298
2298,RGI60-11.02299
2299,RGI60-11.02300
2300,RGI60-11.02301
2301,RGI60-11.02302
2302,RGI60-11.02303
2303,RGI60-11.02304
2304,RGI60-11.02305
2305,RGI60-11.02306
2306,RGI60-11.02307
2307,RGI60-11.02308
2308,RGI60-11.02309
2309,RGI60-11.02310
2310,RGI60-11.02311
2311,RGI60-11.02312
2312,RGI60-11.02313
2313,RGI60-11.02314
2314,RGI60-11.02315
2315,RGI60-11.02316
2316,RGI60-11.02317
2317,RGI60-11.02318
2318,RGI60-11.02319
2319,RGI60-11.02320
2320,RGI60-11.02321
2321,RGI60-11.02322
2322,RGI60-11.02323
2323,RGI60-11.02324
2324,RGI60-11.02325
2325,RGI60-11.02326
2326,RGI60-11.02327
2327,RGI60-11.02328
2328,RGI60-11.02329
2329,RGI60-11.02330
2330,RGI60-11.02331
2331,RGI60-11.02332
2332,RGI60-11.02333
2333,RGI60-11.02334
2334,RGI60-11.02335
2335,RGI60-11.02336
2336,RGI60-11.02337
2337,RGI60-11.02338
2338,RGI60-11.02339
2339,RGI60-11.02340
2340,RGI60-11.02341
2341,RGI60-11.02342
2342,RGI60-11.02343
2343,RGI60-11.02344
2344,RGI60-11.02345
2345,RGI60-11.02346
2346,RGI60-11.02347
2347,RGI60-11.02348
2348,RGI60-11.02349
2349,RGI60-11.02350
2350,RGI60-11.02351
2351,RGI60-11.02352
2352,RGI60-11.02353
2353,RGI60-11.02354
2354,RGI60-11.02355
2355,RGI60-11.02356
2356,RGI60-11.02357
2357,RGI60-11.02358
2358,RGI60-11.02359
2359,RGI60-11.02360
2360,RGI60-11.02361
2361,RGI60-11.02362
2362,RGI60-11.02363
2363,RGI60-11.02364
2364,RGI60-11.02365
2365,RGI60-11.02366
2366,RGI60-11.02367
2367,RGI60-11.02368
2368,RGI60-11.02369
2369,RGI60-11.02370
2370,RGI60-11.02371
2371,RGI60-11.02372
2372,RGI60-11.02373
2373,RGI60-11.02374
2374,RGI60-11.02375
2375,RGI60-11.02376
2376,RGI60-11.02377
2377,RGI60-11.02378
2378,RGI60-11.02379
2379,RGI60-11.02380
2380,RGI60-11.02381
2381,RGI60-11.02382
2382,RGI60-11.02383
2383,RGI60-11.02384
2384,RGI60-11.02385
2385,RGI60-11.02386
2386,RGI60-11.02387
2387,RGI60-11.02388
2388,RGI60-11.02389
2389,RGI60-11.02390
2390,RGI60-11.02391
2391,RGI60-11.02392
2392,RGI60-11.02393
2393,RGI60-11.02394
2394,RGI60-11.02395
2395,RGI60-11.02396
2396,RGI60-11.02397
2397,RGI60-11.02398
2398,RGI60-11.02399
2399,RGI60-11.02400
2400,RGI60-11.02401
2401,RGI60-11.02402
2402,RGI60-11.02403
2403,RGI60-11.02404
2404,RGI60-11.02405
2405,RGI60-11.02406
2406,RGI60-11.02407
2407,RGI60-11.02408
2408,RGI60-11.02409
2409,RGI60-11.02410
2410,RGI60-11.02411
2411,RGI60-11.02412
2412,RGI60-11.02413
2413,RGI60-11.02414
2414,RGI60-11.02415
2415,RGI60-11.02416
2416,RGI60-11.02417
2417,RGI60-11.02418
2418,RGI60-11.02419
2419,RGI60-11.02420
2420,RGI60-11.02421
2421,RGI60-11.02422
2422,RGI60-11.02423
2423,RGI60-11.02424
2424,RGI60-11.02425
2425,RGI60-11.02426
2426,RGI60-11.02427
2427,RGI60-11.02428
2428,RGI60-11.02429
2429,RGI60-11.02430
2430,RGI60-11.02431
2431,RGI60-11.02432
2432,RGI60-11.02433
2433,RGI60-11.02434
2434,RGI60-11.02435
2435,RGI60-11.02436
2436,RGI60-11.02437
2437,RGI60-11.02438
2438,RGI60-11.02439
2439,RGI60-11.02440
2440,RGI60-11.02441
2441,RGI60-11.02442
2442,RGI60-11.02443
2443,RGI60-11.02444
2444,RGI60-11.02445
2445,RGI60-11.02446
2446,RGI60-11.02447
2447,RGI60-11.02448
2448,RGI60-11.02449
2449,RGI60-11.02450
2450,RGI60-11.02451
2451,RGI60-11.02452
2452,RGI60-11.02453
2453,RGI60-11.02454
2454,RGI60-11.02455
2455,RGI60-11.02456
2456,RGI60-11.02457
2457,RGI60-11.02458
2458,RGI60-11.02459
2459,RGI60-11.02460
2460,RGI60-11.02461
2461,RGI60-11.02462
2462,RGI60-11.02463
2463,RGI60-11.02464
2464,RGI60-11.02465
2465,RGI60-11.02466
2466,RGI60-11.02467
2467,RGI60-11.02468
2468,RGI60-11.02469
2469,RGI60-11.02470
2470,RGI60-11.02471
2471,RGI60-11.02472
2472,RGI60-11.02473
2473,RGI60-11.02474
2474,RGI60-11.02475
2475,RGI60-11.02476
2476,RGI60-11.02477
2477,RGI60-11.02478
2478,RGI60-11.02479
2479,RGI60-11.02480
2480,RGI60-11.02481
2481,RGI60-11.02482
2482,RGI60-11.02483
2483,RGI60-11.02484
2484,RGI60-11.02485
2485,RGI60-11.02486
2486,RGI60-11.02487
2487,RGI60-11.02488
2488,RGI60-11.02489
2489,RGI60-11.02490
2490,RGI60-11.02491
2491,RGI60-11.02492
2492,RGI60-11.02493
2493,RGI60-11.02494
2494,RGI60-11.02495
2495,RGI60-11.02496
2496,RGI60-11.02497
2497,RGI60-11.02498
2498,RGI60-11.02499
2499,RGI60-11.02500
2500,RGI60-11.02501
2501,RGI60-11.02502
2502,RGI60-11.02503
2503,RGI60-11.02504
2504,RGI60-11.02505
2505,RGI60-11.02506
2506,RGI60-11.02507
2507,RGI60-11.02508
2508,RGI60-11.02509
2509,RGI60-11.02510
2510,RGI60-11.02511
2511,RGI60-11.02512
2512,RGI60-11.02513
2513,RGI60-11.02514
2514,RGI60-11.02515
2515,RGI60-11.02516
2516,RGI60-11.02517
2517,RGI60-11.02518
2518,RGI60-11.02519
2519,RGI60-11.02520
2520,RGI60-11.02521
2521,RGI60-11.02522
2522,RGI60-11.02523
2523,RGI60-11.02524
2524,RGI60-11.02525
2525,RGI60-11.02526
2526,RGI60-11.02527
2527,RGI60-11.02528
2528,RGI60-11.02529
2529,RGI60-11.02530
2530,RGI60-11.02531
2531,RGI60-11.02532
2532,RGI60-11.02533
2533,RGI60-11.02534
2534,RGI60-11.02535
2535,RGI60-11.02536
2536,RGI60-11.02537
2537,RGI60-11.02538
2538,RGI60-11.02539
2539,RGI60-11.02540
2540,RGI60-11.02541
2541,RGI60-11.02542
2542,RGI60-11.02543
2543,RGI60-11.02544
2544,RGI60-11.02545
2545,RGI60-11.02546
2546,RGI60-11.02547
2547,RGI60-11.02548
2548,RGI60-11.02549
2549,RGI60-11.02550
2550,RGI60-11.02551
2551,RGI60-11.02552
2552,RGI60-11.02553
2553,RGI60-11.02554
2554,RGI60-11.02555
2555,RGI60-11.02556
2556,RGI60-11.02557
2557,RGI60-11.02558
2558,RGI60-11.02559
2559,RGI60-11.02560
2560,RGI60-11.02561
2561,RGI60-11.02562
2562,RGI60-11.02563
2563,RGI60-11.02564
2564,RGI60-11.02565
2565,RGI60-11.02566
2566,RGI60-11.02567
2567,RGI60-11.02568
2568,RGI60-11.02569
2569,RGI60-11.02570
2570,RGI60-11.02571
2571,RGI60-11.02572
2572,RGI60-11.02573
2573,RGI60-11.02574
2574,RGI60-11.02575
2575,RGI60-11.02576
2576,RGI60-11.02577
2577,RGI60-11.02578
2578,RGI60-11.02579
2579,RGI60-11.02580
2580,RGI60-11.02581
2581,RGI60-11.02582
2582,RGI60-11.02583
2583,RGI60-11.02584
2584,RGI60-11.02585
2585,RGI60-11.02586
2586,RGI60-11.02587
2587,RGI60-11.02588
2588,RGI60-11.02589
2589,RGI60-11.02590
2590,RGI60-11.02591
2591,RGI60-11.02592
2592,RGI60-11.02593
2593,RGI60-11.02594
2594,RGI60-11.02595
2595,RGI60-11.02596
2596,RGI60-11.02597
2597,RGI60-11.02598
2598,RGI60-11.02599
2599,RGI60-11.02600
2600,RGI60-11.02601
2601,RGI60-11.02602
2602,RGI60-11.02603
2603,RGI60-11.02604
2604,RGI60-11.02605
2605,RGI60-11.02606
2606,RGI60-11.02607
2607,RGI60-11.02608
2608,RGI60-11.02609
2609,RGI60-11.02610
2610,RGI60-11.02611
2611,RGI60-11.02612
2612,RGI60-11.02613
2613,RGI60-11.02614
2614,RGI60-11.02615
2615,RGI60-11.02616
2616,RGI60-11.02617
2617,RGI60-11.02618
2618,RGI60-11.02619
2619,RGI60-11.02620
2620,RGI60-11.02621
2621,RGI60-11.02622
2622,RGI60-11.02623
2623,RGI60-11.02624
2624,RGI60-11.02625
2625,RGI60-11.02626
2626,RGI60-11.02627
2627,RGI60-11.02628
2628,RGI60-11.02629
2629,RGI60-11.02630
2630,RGI60-11.02631
2631,RGI60-11.02632
2632,RGI60-11.02633
2633,RGI60-11.02634
2634,RGI60-11.02635
2635,RGI60-11.02636
2636,RGI60-11.02637
2637,RGI60-11.02638
2638,RGI60-11.02639
2639,RGI60-11.02640
2640,RGI60-11.02641
2641,RGI60-11.02642
2642,RGI60-11.02643
2643,RGI60-11.02644
2644,RGI60-11.02645
2645,RGI60-11.02646
2646,RGI60-11.02647
2647,RGI60-11.02648
2648,RGI60-11.02649
2649,RGI60-11.02650
2650,RGI60-11.02651
2651,RGI60-11.02652
2652,RGI60-11.02653
2653,RGI60-11.02654
2654,RGI60-11.02655
2655,RGI60-11.02656
2656,RGI60-11.02657
2657,RGI60-11.02658
2658,RGI60-11.02659
2659,RGI60-11.02660
2660,RGI60-11.02661
2661,RGI60-11.02662
2662,RGI60-11.02663
2663,RGI60-11.02664
2664,RGI60-11.02665
2665,RGI60-11.02666
2666,RGI60-11.02667
2667,RGI60-11.02668
2668,RGI60-11.02669
2669,RGI60-11.02670
2670,RGI60-11.02671
2671,RGI60-11.02672
2672,RGI60-11.02673
2673,RGI60-11.02674
2674,RGI60-11.02675
2675,RGI60-11.02676
2676,RGI60-11.02677
2677,RGI60-11.02678
2678,RGI60-11.02679
2679,RGI60-11.02680
2680,RGI60-11.02681
2681,RGI60-11.02682
2682,RGI60-11.02683
2683,RGI60-11.02684
2684,RGI60-11.02685
2685,RGI60-11.02686
2686,RGI60-11.02687
2687,RGI60-11.02688
2688,RGI60-11.02689
2689,RGI60-11.02690
2690,RGI60-11.02691
2691,RGI60-11.02692
2692,RGI60-11.02693
2693,RGI60-11.02694
2694,RGI60-11.02695
2695,RGI60-11.02696
2696,RGI60-11.02697
2697,RGI60-11.02698
2698,RGI60-11.02699
2699,RGI60-11.02700
2700,RGI60-11.02701
2701,RGI60-11.02702
2702,RGI60-11.02703
2703,RGI60-11.02704
2704,RGI60-11.02705
2705,RGI60-11.02706
2706,RGI60-11.02707
2707,RGI60-11.02708
2708,RGI60-11.02709
2709,RGI60-11.02710
2710,RGI60-11.02711
2711,RGI60-11.02712
2712,RGI60-11.02713
2713,RGI60-11.02714
2714,RGI60-11.02715
2715,RGI60-11.02716
2716,RGI60-11.02717
2717,RGI60-11.02718
2718,RGI60-11.02719
2719,RGI60-11.02720
2720,RGI60-11.02721
2721,RGI60-11.02722
2722,RGI60-11.02723
2723,RGI60-11.02724
2724,RGI60-11.02725
2725,RGI60-11.02726
2726,RGI60-11.02727
2727,RGI60-11.02728
2728,RGI60-11.02729
2729,RGI60-11.02730
2730,RGI60-11.02731
2731,RGI60-11.02732
2732,RGI60-11.02733
2733,RGI60-11.02734
2734,RGI60-11.02735
2735,RGI60-11.02736
2736,RGI60-11.02737
2737,RGI60-11.02738
2738,RGI60-11.02739
2739,RGI60-11.02740
2740,RGI60-11.02741
2741,RGI60-11.02742
2742,RGI60-11.02743
2743,RGI60-11.02744
2744,RGI60-11.02745
2745,RGI60-11.02746
2746,RGI60-11.02747
2747,RGI60-11.02748
2748,RGI60-11.02749
2749,RGI60-11.02750
2750,RGI60-11.02751
2751,RGI60-11.02752
2752,RGI60-11.02753
2753,RGI60-11.02754
2754,RGI60-11.02755
2755,RGI60-11.02756
2756,RGI60-11.02757
2757,RGI60-11.02758
2758,RGI60-11.02759
2759,RGI60-11.02760
2760,RGI60-11.02761
2761,RGI60-11.02762
2762,RGI60-11.02763
2763,RGI60-11.02764
2764,RGI60-11.02765
2765,RGI60-11.02766
2766,RGI60-11.02767
2767,RGI60-11.02768
2768,RGI60-11.02769
2769,RGI60-11.02770
2770,RGI60-11.02771
2771,RGI60-11.02772
2772,RGI60-11.02773
2773,RGI60-11.02774
2774,RGI60-11.02775
2775,RGI60-11.02776
2776,RGI60-11.02777
2777,RGI60-11.02778
2778,RGI60-11.02779
2779,RGI60-11.02780
2780,RGI60-11.02781
2781,RGI60-11.02782
2782,RGI60-11.02783
2783,RGI60-11.02784
2784,RGI60-11.02785
2785,RGI60-11.02786
2786,RGI60-11.02787
2787,RGI60-11.02788
2788,RGI60-11.02789
2789,RGI60-11.02790
2790,RGI60-11.02791
2791,RGI60-11.02792
2792,RGI60-11.02793
2793,RGI60-11.02794
2794,RGI60-11.02795
2795,RGI60-11.02796
2796,RGI60-11.02797
2797,RGI60-11.02798
2798,RGI60-11.02799
2799,RGI60-11.02800
2800,RGI60-11.02801
2801,RGI60-11.02802
2802,RGI60-11.02803
2803,RGI60-11.02804
2804,RGI60-11.02805
2805,RGI60-11.02806
2806,RGI60-11.02807
2807,RGI60-11.02808
2808,RGI60-11.02809
2809,RGI60-11.02810
2810,RGI60-11.02811
2811,RGI60-11.02812
2812,RGI60-11.02813
2813,RGI60-11.02814
2814,RGI60-11.02815
2815,RGI60-11.02816
2816,RGI60-11.02817
2817,RGI60-11.02818
2818,RGI60-11.02819
2819,RGI60-11.02820
2820,RGI60-11.02821
2821,RGI60-11.02822
2822,RGI60-11.02823
2823,RGI60-11.02824
2824,RGI60-11.02825
2825,RGI60-11.02826
2826,RGI60-11.02827
2827,RGI60-11.02828
2828,RGI60-11.02829
2829,RGI60-11.02830
2830,RGI60-11.02831
2831,RGI60-11.02832
2832,RGI60-11.02833
2833,RGI60-11.02834
2834,RGI60-11.02835
2835,RGI60-11.02836
2836,RGI60-11.02837
2837,RGI60-11.02838
2838,RGI60-11.02839
2839,RGI60-11.02840
2840,RGI60-11.02841
2841,RGI60-11.02842
2842,RGI60-11.02843
2843,RGI60-11.02844
2844,RGI60-11.02845
2845,RGI60-11.02846
2846,RGI60-11.02847
2847,RGI60-11.02848
2848,RGI60-11.02849
2849,RGI60-11.02850
2850,RGI60-11.02851
2851,RGI60-11.02852
2852,RGI60-11.02853
2853,RGI60-11.02854
2854,RGI60-11.02855
2855,RGI60-11.02856
2856,RGI60-11.02857
2857,RGI60-11.02858
2858,RGI60-11.02859
2859,RGI60-11.02860
2860,RGI60-11.02861
2861,RGI60-11.02862
2862,RGI60-11.02863
2863,RGI60-11.02864
2864,RGI60-11.02865
2865,RGI60-11.02866
2866,RGI60-11.02867
2867,RGI60-11.02868
2868,RGI60-11.02869
2869,RGI60-11.02870
2870,RGI60-11.02871
2871,RGI60-11.02872
2872,RGI60-11.02873
2873,RGI60-11.02874
2874,RGI60-11.02875
2875,RGI60-11.02876
2876,RGI60-11.02877
2877,RGI60-11.02878
2878,RGI60-11.02879
2879,RGI60-11.02880
2880,RGI60-11.02881
2881,RGI60-11.02882
2882,RGI60-11.02883
2883,RGI60-11.02884
2884,RGI60-11.02885
2885,RGI60-11.02886
2886,RGI60-11.02887
2887,RGI60-11.02888
2888,RGI60-11.02889
2889,RGI60-11.02890
2890,RGI60-11.02891
2891,RGI60-11.02892
2892,RGI60-11.02893
2893,RGI60-11.02894
2894,RGI60-11.02895
2895,RGI60-11.02896
2896,RGI60-11.02897
2897,RGI60-11.02898
2898,RGI60-11.02899
2899,RGI60-11.02900
2900,RGI60-11.02901
2901,RGI60-11.02902
2902,RGI60-11.02903
2903,RGI60-11.02904
2904,RGI60-11.02905
2905,RGI60-11.02906
2906,RGI60-11.02907
2907,RGI60-11.02908
2908,RGI60-11.02909
2909,RGI60-11.02910
2910,RGI60-11.02911
2911,RGI60-11.02912
2912,RGI60-11.02913
2913,RGI60-11.02914
2914,RGI60-11.02915
2915,RGI60-11.02916
2916,RGI60-11.02917
2917,RGI60-11.02918
2918,RGI60-11.02919
2919,RGI60-11.02920
2920,RGI60-11.02921
2921,RGI60-11.02922
2922,RGI60-11.02923
2923,RGI60-11.02924
2924,RGI60-11.02925
2925,RGI60-11.02926
2926,RGI60-11.02927
2927,RGI60-11.02928
2928,RGI60-11.02929
2929,RGI60-11.02930
2930,RGI60-11.02931
2931,RGI60-11.02932
2932,RGI60-11.02933
2933,RGI60-11.02934
2934,RGI60-11.02935
2935,RGI60-11.02936
2936,RGI60-11.02937
2937,RGI60-11.02938
2938,RGI60-11.02939
2939,RGI60-11.02940
2940,RGI60-11.02941
2941,RGI60-11.02942
2942,RGI60-11.02943
2943,RGI60-11.02944
2944,RGI60-11.02945
2945,RGI60-11.02946
2946,RGI60-11.02947
2947,RGI60-11.02948
2948,RGI60-11.02949
2949,RGI60-11.02950
2950,RGI60-11.02951
2951,RGI60-11.02952
2952,RGI60-11.02953
2953,RGI60-11.02954
2954,RGI60-11.02955
2955,RGI60-11.02956
2956,RGI60-11.02957
2957,RGI60-11.02958
2958,RGI60-11.02959
2959,RGI60-11.02960
2960,RGI60-11.02961
2961,RGI60-11.02962
2962,RGI60-11.02963
2963,RGI60-11.02964
2964,RGI60-11.02965
2965,RGI60-11.02966
2966,RGI60-11.02967
2967,RGI60-11.02968
2968,RGI60-11.02969
2969,RGI60-11.02970
2970,RGI60-11.02971
2971,RGI60-11.02972
2972,RGI60-11.02973
2973,RGI60-11.02974
2974,RGI60-11.02975
2975,RGI60-11.02976
2976,RGI60-11.02977
2977,RGI60-11.02978
2978,RGI60-11.02979
2979,RGI60-11.02980
2980,RGI60-11.02981
2981,RGI60-11.02982
2982,RGI60-11.02983
2983,RGI60-11.02984
2984,RGI60-11.02985
2985,RGI60-11.02986
2986,RGI60-11.02987
2987,RGI60-11.02988
2988,RGI60-11.02989
2989,RGI60-11.02990
2990,RGI60-11.02991
2991,RGI60-11.02992
2992,RGI60-11.02993
2993,RGI60-11.02994
2994,RGI60-11.02995
2995,RGI60-11.02996
2996,RGI60-11.02997
2997,RGI60-11.02998
2998,RGI60-11.02999
2999,RGI60-11.03000
3000,RGI60-11.03001
3001,RGI60-11.03002
3002,RGI60-11.03003
3003,RGI60-11.03004
3004,RGI60-11.03005
3005,RGI60-11.03006
3006,RGI60-11.03007
3007,RGI60-11.03008
3008,RGI60-11.03009
3009,RGI60-11.03010
3010,RGI60-11.03011
3011,RGI60-11.03012
3012,RGI60-11.03013
3013,RGI60-11.03014
3014,RGI60-11.03015
3015,RGI60-11.03016
3016,RGI60-11.03017
3017,RGI60-11.03018
3018,RGI60-11.03019
3019,RGI60-11.03020
3020,RGI60-11.03021
3021,RGI60-11.03022
3022,RGI60-11.03023
3023,RGI60-11.03024
3024,RGI60-11.03025
3025,RGI60-11.03026
3026,RGI60-11.03027
3027,RGI60-11.03028
3028,RGI60-11.03029
3029,RGI60-11.03030
3030,RGI60-11.03031
3031,RGI60-11.03032
3032,RGI60-11.03033
3033,RGI60-11.03034
3034,RGI60-11.03035
3035,RGI60-11.03036
3036,RGI60-11.03037
3037,RGI60-11.03038
3038,RGI60-11.03039
3039,RGI60-11.03040
3040,RGI60-11.03041
3041,RGI60-11.03042
3042,RGI60-11.03043
3043,RGI60-11.03044
3044,RGI60-11.03045
3045,RGI60-11.03046
3046,RGI60-11.03047
3047,RGI60-11.03048
3048,RGI60-11.03049
3049,RGI60-11.03050
3050,RGI60-11.03051
3051,RGI60-11.03052
3052,RGI60-11.03053
3053,RGI60-11.03054
3054,RGI60-11.03055
3055,RGI60-11.03056
3056,RGI60-11.03057
3057,RGI60-11.03058
3058,RGI60-11.03059
3059,RGI60-11.03060
3060,RGI60-11.03061
3061,RGI60-11.03062
3062,RGI60-11.03063
3063,RGI60-11.03064
3064,RGI60-11.03065
3065,RGI60-11.03066
3066,RGI60-11.03067
3067,RGI60-11.03068
3068,RGI60-11.03069
3069,RGI60-11.03070
3070,RGI60-11.03071
3071,RGI60-11.03072
3072,RGI60-11.03073
3073,RGI60-11.03074
3074,RGI60-11.03075
3075,RGI60-11.03076
3076,RGI60-11.03077
3077,RGI60-11.03078
3078,RGI60-11.03079
3079,RGI60-11.03080
3080,RGI60-11.03081
3081,RGI60-11.03082
3082,RGI60-11.03083
3083,RGI60-11.03084
3084,RGI60-11.03085
3085,RGI60-11.03086
3086,RGI60-11.03087
3087,RGI60-11.03088
3088,RGI60-11.03089
3089,RGI60-11.03090
3090,RGI60-11.03091
3091,RGI60-11.03092
3092,RGI60-11.03093
3093,RGI60-11.03094
3094,RGI60-11.03095
3095,RGI60-11.03096
3096,RGI60-11.03097
3097,RGI60-11.03098
3098,RGI60-11.03099
3099,RGI60-11.03100
3100,RGI60-11.03101
3101,RGI60-11.03102
3102,RGI60-11.03103
3103,RGI60-11.03104
3104,RGI60-11.03105
3105,RGI60-11.03106
3106,RGI60-11.03107
3107,RGI60-11.03108
3108,RGI60-11.03109
3109,RGI60-11.03110
3110,RGI60-11.03111
3111,RGI60-11.03112
3112,RGI60-11.03113
3113,RGI60-11.03114
3114,RGI60-11.03115
3115,RGI60-11.03116
3116,RGI60-11.03117
3117,RGI60-11.03118
3118,RGI60-11.03119
3119,RGI60-11.03120
3120,RGI60-11.03121
3121,RGI60-11.03122
3122,RGI60-11.03123
3123,RGI60-11.03124
3124,RGI60-11.03125
3125,RGI60-11.03126
3126,RGI60-11.03127
3127,RGI60-11.03128
3128,RGI60-11.03129
3129,RGI60-11.03130
3130,RGI60-11.03131
3131,RGI60-11.03132
3132,RGI60-11.03133
3133,RGI60-11.03134
3134,RGI60-11.03135
3135,RGI60-11.03136
3136,RGI60-11.03137
3137,RGI60-11.03138
3138,RGI60-11.03139
3139,RGI60-11.03140
3140,RGI60-11.03141
3141,RGI60-11.03142
3142,RGI60-11.03143
3143,RGI60-11.03144
3144,RGI60-11.03145
3145,RGI60-11.03146
3146,RGI60-11.03147
3147,RGI60-11.03148
3148,RGI60-11.03149
3149,RGI60-11.03150
3150,RGI60-11.03151
3151,RGI60-11.03152
3152,RGI60-11.03153
3153,RGI60-11.03154
3154,RGI60-11.03155
3155,RGI60-11.03156
3156,RGI60-11.03157
3157,RGI60-11.03158
3158,RGI60-11.03159
3159,RGI60-11.03160
3160,RGI60-11.03161
3161,RGI60-11.03162
3162,RGI60-11.03163
3163,RGI60-11.03164
3164,RGI60-11.03165
3165,RGI60-11.03166
3166,RGI60-11.03167
3167,RGI60-11.03168
3168,RGI60-11.03169
3169,RGI60-11.03170
3170,RGI60-11.03171
3171,RGI60-11.03172
3172,RGI60-11.03173
3173,RGI60-11.03174
3174,RGI60-11.03175
3175,RGI60-11.03176
3176,RGI60-11.03177
3177,RGI60-11.03178
3178,RGI60-11.03179
3179,RGI60-11.03180
3180,RGI60-11.03181
3181,RGI60-11.03182
3182,RGI60-11.03183
3183,RGI60-11.03184
3184,RGI60-11.03185
3185,RGI60-11.03186
3186,RGI60-11.03187
3187,RGI60-11.03188
3188,RGI60-11.03189
3189,RGI60-11.03190
3190,RGI60-11.03191
3191,RGI60-11.03192
3192,RGI60-11.03193
3193,RGI60-11.03194
3194,RGI60-11.03195
3195,RGI60-11.03196
3196,RGI60-11.03197
3197,RGI60-11.03198
3198,RGI60-11.03199
3199,RGI60-11.03200
3200,RGI60-11.03201
3201,RGI60-11.03202
3202,RGI60-11.03203
3203,RGI60-11.03235
3204,RGI60-11.03236
3205,RGI60-11.03237
3206,RGI60-11.03242
3207,RGI60-11.03243
3208,RGI60-11.03244
3209,RGI60-11.03245
3210,RGI60-11.03246
3211,RGI60-11.03247
3212,RGI60-11.03248
3213,RGI60-11.03249
3214,RGI60-11.03250
3215,RGI60-11.03251
3216,RGI60-11.03252
3217,RGI60-11.03253
3218,RGI60-11.03254
3219,RGI60-11.03255
3220,RGI60-11.03256
3221,RGI60-11.03257
3222,RGI60-11.03258
3223,RGI60-11.03259
3224,RGI60-11.03260
3225,RGI60-11.03261
3226,RGI60-11.03262
3227,RGI60-11.03263
3228,RGI60-11.03264
3229,RGI60-11.03265
3230,RGI60-11.03266
3231,RGI60-11.03267
3232,RGI60-11.03268
3233,RGI60-11.03269
3234,RGI60-11.03270
3235,RGI60-11.03271
3236,RGI60-11.03272
3237,RGI60-11.03273
3238,RGI60-11.03274
3239,RGI60-11.03275
3240,RGI60-11.03276
3241,RGI60-11.03277
3242,RGI60-11.03278
3243,RGI60-11.03279
3244,RGI60-11.03280
3245,RGI60-11.03281
3246,RGI60-11.03282
3247,RGI60-11.03283
3248,RGI60-11.03284
3249,RGI60-11.03285
3250,RGI60-11.03286
3251,RGI60-11.03287
3252,RGI60-11.03288
3253,RGI60-11.03289
3254,RGI60-11.03290
3255,RGI60-11.03291
3256,RGI60-11.03292
3257,RGI60-11.03293
3258,RGI60-11.03294
3259,RGI60-11.03295
3260,RGI60-11.03296
3261,RGI60-11.03297
3262,RGI60-11.03298
3263,RGI60-11.03299
3264,RGI60-11.03300
3265,RGI60-11.03301
3266,RGI60-11.03302
3267,RGI60-11.03303
3268,RGI60-11.03304
3269,RGI60-11.03305
3270,RGI60-11.03306
3271,RGI60-11.03307
3272,RGI60-11.03308
3273,RGI60-11.03309
3274,RGI60-11.03310
3275,RGI60-11.03311
3276,RGI60-11.03312
3277,RGI60-11.03313
3278,RGI60-11.03314
3279,RGI60-11.03315
3280,RGI60-11.03316
3281,RGI60-11.03317
3282,RGI60-11.03318
3283,RGI60-11.03319
3284,RGI60-11.03320
3285,RGI60-11.03321
3286,RGI60-11.03322
3287,RGI60-11.03323
3288,RGI60-11.03324
3289,RGI60-11.03325
3290,RGI60-11.03326
3291,RGI60-11.03327
3292,RGI60-11.03328
3293,RGI60-11.03329
3294,RGI60-11.03330
3295,RGI60-11.03331
3296,RGI60-11.03332
3297,RGI60-11.03333
3298,RGI60-11.03334
3299,RGI60-11.03335
3300,RGI60-11.03336
3301,RGI60-11.03337
3302,RGI60-11.03338
3303,RGI60-11.03339
3304,RGI60-11.03340
3305,RGI60-11.03341
3306,RGI60-11.03342
3307,RGI60-11.03343
3308,RGI60-11.03344
3309,RGI60-11.03345
3310,RGI60-11.03346
3311,RGI60-11.03347
3312,RGI60-11.03348
3313,RGI60-11.03349
3314,RGI60-11.03350
3315,RGI60-11.03351
3316,RGI60-11.03352
3317,RGI60-11.03353
3318,RGI60-11.03354
3319,RGI60-11.03355
3320,RGI60-11.03356
3321,RGI60-11.03357
3322,RGI60-11.03358
3323,RGI60-11.03359
3324,RGI60-11.03360
3325,RGI60-11.03361
3326,RGI60-11.03362
3327,RGI60-11.03363
3328,RGI60-11.03364
3329,RGI60-11.03365
3330,RGI60-11.03366
3331,RGI60-11.03367
3332,RGI60-11.03368
3333,RGI60-11.03369
3334,RGI60-11.03370
3335,RGI60-11.03371
3336,RGI60-11.03372
3337,RGI60-11.03373
3338,RGI60-11.03374
3339,RGI60-11.03375
3340,RGI60-11.03376
3341,RGI60-11.03377
3342,RGI60-11.03378
3343,RGI60-11.03379
3344,RGI60-11.03380
3345,RGI60-11.03381
3346,RGI60-11.03382
3347,RGI60-11.03383
3348,RGI60-11.03384
3349,RGI60-11.03385
3350,RGI60-11.03386
3351,RGI60-11.03387
3352,RGI60-11.03388
3353,RGI60-11.03389
3354,RGI60-11.03390
3355,RGI60-11.03391
3356,RGI60-11.03392
3357,RGI60-11.03393
3358,RGI60-11.03394
3359,RGI60-11.03395
3360,RGI60-11.03396
3361,RGI60-11.03397
3362,RGI60-11.03398
3363,RGI60-11.03399
3364,RGI60-11.03400
3365,RGI60-11.03401
3366,RGI60-11.03402
3367,RGI60-11.03403
3368,RGI60-11.03404
3369,RGI60-11.03405
3370,RGI60-11.03406
3371,RGI60-11.03407
3372,RGI60-11.03408
3373,RGI60-11.03409
3374,RGI60-11.03410
3375,RGI60-11.03411
3376,RGI60-11.03412
3377,RGI60-11.03413
3378,RGI60-11.03414
3379,RGI60-11.03415
3380,RGI60-11.03416
3381,RGI60-11.03417
3382,RGI60-11.03418
3383,RGI60-11.03419
3384,RGI60-11.03420
3385,RGI60-11.03421
3386,RGI60-11.03422
3387,RGI60-11.03423
3388,RGI60-11.03424
3389,RGI60-11.03425
3390,RGI60-11.03426
3391,RGI60-11.03427
3392,RGI60-11.03428
3393,RGI60-11.03429
3394,RGI60-11.03430
3395,RGI60-11.03431
3396,RGI60-11.03432
3397,RGI60-11.03433
3398,RGI60-11.03434
3399,RGI60-11.03435
3400,RGI60-11.03436
3401,RGI60-11.03437
3402,RGI60-11.03438
3403,RGI60-11.03439
3404,RGI60-11.03440
3405,RGI60-11.03441
3406,RGI60-11.03442
3407,RGI60-11.03443
3408,RGI60-11.03444
3409,RGI60-11.03445
3410,RGI60-11.03446
3411,RGI60-11.03447
3412,RGI60-11.03448
3413,RGI60-11.03449
3414,RGI60-11.03450
3415,RGI60-11.03451
3416,RGI60-11.03452
3417,RGI60-11.03453
3418,RGI60-11.03454
3419,RGI60-11.03455
3420,RGI60-11.03456
3421,RGI60-11.03457
3422,RGI60-11.03458
3423,RGI60-11.03459
3424,RGI60-11.03460
3425,RGI60-11.03461
3426,RGI60-11.03462
3427,RGI60-11.03463
3428,RGI60-11.03464
3429,RGI60-11.03465
3430,RGI60-11.03466
3431,RGI60-11.03467
3432,RGI60-11.03468
3433,RGI60-11.03469
3434,RGI60-11.03470
3435,RGI60-11.03471
3436,RGI60-11.03472
3437,RGI60-11.03473
3438,RGI60-11.03474
3439,RGI60-11.03475
3440,RGI60-11.03476
3441,RGI60-11.03477
3442,RGI60-11.03478
3443,RGI60-11.03479
3444,RGI60-11.03480
3445,RGI60-11.03481
3446,RGI60-11.03482
3447,RGI60-11.03483
3448,RGI60-11.03484
3449,RGI60-11.03485
3450,RGI60-11.03486
3451,RGI60-11.03487
3452,RGI60-11.03488
3453,RGI60-11.03489
3454,RGI60-11.03490
3455,RGI60-11.03491
3456,RGI60-11.03492
3457,RGI60-11.03493
3458,RGI60-11.03494
3459,RGI60-11.03495
3460,RGI60-11.03496
3461,RGI60-11.03497
3462,RGI60-11.03498
3463,RGI60-11.03499
3464,RGI60-11.03500
3465,RGI60-11.03501
3466,RGI60-11.03502
3467,RGI60-11.03503
3468,RGI60-11.03504
3469,RGI60-11.03505
3470,RGI60-11.03506
3471,RGI60-11.03507
3472,RGI60-11.03508
3473,RGI60-11.03509
3474,RGI60-11.03510
3475,RGI60-11.03511
3476,RGI60-11.03512
3477,RGI60-11.03513
3478,RGI60-11.03514
3479,RGI60-11.03515
3480,RGI60-11.03516
3481,RGI60-11.03517
3482,RGI60-11.03518
3483,RGI60-11.03519
3484,RGI60-11.03520
3485,RGI60-11.03521
3486,RGI60-11.03522
3487,RGI60-11.03523
3488,RGI60-11.03524
3489,RGI60-11.03525
3490,RGI60-11.03526
3491,RGI60-11.03527
3492,RGI60-11.03528
3493,RGI60-11.03529
3494,RGI60-11.03530
3495,RGI60-11.03531
3496,RGI60-11.03532
3497,RGI60-11.03533
3498,RGI60-11.03534
3499,RGI60-11.03535
3500,RGI60-11.03536
3501,RGI60-11.03537
3502,RGI60-11.03538
3503,RGI60-11.03539
3504,RGI60-11.03540
3505,RGI60-11.03541
3506,RGI60-11.03542
3507,RGI60-11.03543
3508,RGI60-11.03544
3509,RGI60-11.03545
3510,RGI60-11.03546
3511,RGI60-11.03547
3512,RGI60-11.03548
3513,RGI60-11.03549
3514,RGI60-11.03550
3515,RGI60-11.03551
3516,RGI60-11.03552
3517,RGI60-11.03553
3518,RGI60-11.03554
3519,RGI60-11.03555
3520,RGI60-11.03556
3521,RGI60-11.03557
3522,RGI60-11.03558
3523,RGI60-11.03559
3524,RGI60-11.03560
3525,RGI60-11.03561
3526,RGI60-11.03562
3527,RGI60-11.03563
3528,RGI60-11.03564
3529,RGI60-11.03565
3530,RGI60-11.03566
3531,RGI60-11.03567
3532,RGI60-11.03568
3533,RGI60-11.03569
3534,RGI60-11.03570
3535,RGI60-11.03571
3536,RGI60-11.03572
3537,RGI60-11.03573
3538,RGI60-11.03574
3539,RGI60-11.03575
3540,RGI60-11.03576
3541,RGI60-11.03577
3542,RGI60-11.03578
3543,RGI60-11.03579
3544,RGI60-11.03580
3545,RGI60-11.03581
3546,RGI60-11.03582
3547,RGI60-11.03583
3548,RGI60-11.03584
3549,RGI60-11.03585
3550,RGI60-11.03586
3551,RGI60-11.03587
3552,RGI60-11.03588
3553,RGI60-11.03589
3554,RGI60-11.03590
3555,RGI60-11.03591
3556,RGI60-11.03592
3557,RGI60-11.03593
3558,RGI60-11.03594
3559,RGI60-11.03595
3560,RGI60-11.03596
3561,RGI60-11.03597
3562,RGI60-11.03598
3563,RGI60-11.03599
3564,RGI60-11.03600
3565,RGI60-11.03601
3566,RGI60-11.03602
3567,RGI60-11.03603
3568,RGI60-11.03604
3569,RGI60-11.03605
3570,RGI60-11.03606
3571,RGI60-11.03607
3572,RGI60-11.03608
3573,RGI60-11.03609
3574,RGI60-11.03610
3575,RGI60-11.03611
3576,RGI60-11.03612
3577,RGI60-11.03613
3578,RGI60-11.03614
3579,RGI60-11.03615
3580,RGI60-11.03616
3581,RGI60-11.03617
3582,RGI60-11.03618
3583,RGI60-11.03619
3584,RGI60-11.03620
3585,RGI60-11.03621
3586,RGI60-11.03622
3587,RGI60-11.03623
3588,RGI60-11.03624
3589,RGI60-11.03625
3590,RGI60-11.03626
3591,RGI60-11.03627
3592,RGI60-11.03628
3593,RGI60-11.03629
3594,RGI60-11.03630
3595,RGI60-11.03631
3596,RGI60-11.03632
3597,RGI60-11.03633
3598,RGI60-11.03634
3599,RGI60-11.03635
3600,RGI60-11.03636
3601,RGI60-11.03637
3602,RGI60-11.03638
3603,RGI60-11.03639
3604,RGI60-11.03640
3605,RGI60-11.03641
3606,RGI60-11.03642
3607,RGI60-11.03643
3608,RGI60-11.03644
3609,RGI60-11.03645
3610,RGI60-11.03646
3611,RGI60-11.03647
3612,RGI60-11.03648
3613,RGI60-11.03649
3614,RGI60-11.03650
3615,RGI60-11.03651
3616,RGI60-11.03652
3617,RGI60-11.03653
3618,RGI60-11.03654
3619,RGI60-11.03655
3620,RGI60-11.03656
3621,RGI60-11.03657
3622,RGI60-11.03658
3623,RGI60-11.03659
3624,RGI60-11.03660
3625,RGI60-11.03661
3626,RGI60-11.03662
3627,RGI60-11.03663
3628,RGI60-11.03664
3629,RGI60-11.03665
3630,RGI60-11.03666
3631,RGI60-11.03667
3632,RGI60-11.03668
3633,RGI60-11.03669
3634,RGI60-11.03670
3635,RGI60-11.03671
3636,RGI60-11.03672
3637,RGI60-11.03673
3638,RGI60-11.03674
3639,RGI60-11.03675
3640,RGI60-11.03676
3641,RGI60-11.03677
3642,RGI60-11.03678
3643,RGI60-11.03679
3644,RGI60-11.03680
3645,RGI60-11.03681
3646,RGI60-11.03682
3647,RGI60-11.03683
3648,RGI60-11.03684
3649,RGI60-11.03685
3650,RGI60-11.03686
3651,RGI60-11.03687
3652,RGI60-11.03688
3653,RGI60-11.03689
3654,RGI60-11.03690
3655,RGI60-11.03691
3656,RGI60-11.03692
3657,RGI60-11.03693
3658,RGI60-11.03694
3659,RGI60-11.03695
3660,RGI60-11.03696
3661,RGI60-11.03697
3662,RGI60-11.03698
3663,RGI60-11.03699
3664,RGI60-11.03700
3665,RGI60-11.03701
3666,RGI60-11.03702
3667,RGI60-11.03703
3668,RGI60-11.03704
3669,RGI60-11.03705
3670,RGI60-11.03706
3671,RGI60-11.03707
3672,RGI60-11.03708
3673,RGI60-11.03709
3674,RGI60-11.03710
3675,RGI60-11.03711
3676,RGI60-11.03712
3677,RGI60-11.03713
3678,RGI60-11.03714
3679,RGI60-11.03715
3680,RGI60-11.03716
3681,RGI60-11.03717
3682,RGI60-11.03718
3683,RGI60-11.03719
3684,RGI60-11.03720
3685,RGI60-11.03721
3686,RGI60-11.03722
3687,RGI60-11.03723
3688,RGI60-11.03724
3689,RGI60-11.03725
3690,RGI60-11.03726
3691,RGI60-11.03727
3692,RGI60-11.03728
3693,RGI60-11.03729
3694,RGI60-11.03730
3695,RGI60-11.03731
3696,RGI60-11.03732
3697,RGI60-11.03733
3698,RGI60-11.03734
3699,RGI60-11.03735
3700,RGI60-11.03736
3701,RGI60-11.03737
3702,RGI60-11.03738
3703,RGI60-11.03739
3704,RGI60-11.03740
3705,RGI60-11.03741
3706,RGI60-11.03742
3707,RGI60-11.03743
3708,RGI60-11.03744
3709,RGI60-11.03745
3710,RGI60-11.03746
3711,RGI60-11.03747
3712,RGI60-11.03748
3713,RGI60-11.03749
3714,RGI60-11.03750
3715,RGI60-11.03751
3716,RGI60-11.03752
3717,RGI60-11.03753
3718,RGI60-11.03754
3719,RGI60-11.03755
3720,RGI60-11.03756
3721,RGI60-11.03757
3722,RGI60-11.03758
3723,RGI60-11.03759
3724,RGI60-11.03760
3725,RGI60-11.03761
3726,RGI60-11.03762
3727,RGI60-11.03763
3728,RGI60-11.03764
3729,RGI60-11.03765
3730,RGI60-11.03766
3731,RGI60-11.03767
3732,RGI60-11.03768
3733,RGI60-11.03769
3734,RGI60-11.03770
3735,RGI60-11.03771
3736,RGI60-11.03772
3737,RGI60-11.03773
3738,RGI60-11.03774
3739,RGI60-11.03775
3740,RGI60-11.03776
3741,RGI60-11.03777
3742,RGI60-11.03778
3743,RGI60-11.03779
3744,RGI60-11.03780
3745,RGI60-11.03781
3746,RGI60-11.03782
3747,RGI60-11.03783
3748,RGI60-11.03784
3749,RGI60-11.03785
3750,RGI60-11.03786
3751,RGI60-11.03787
3752,RGI60-11.03788
3753,RGI60-11.03789
3754,RGI60-11.03790
3755,RGI60-11.03791
3756,RGI60-11.03792
3757,RGI60-11.03793
3758,RGI60-11.03794
3759,RGI60-11.03795
3760,RGI60-11.03796
3761,RGI60-11.03797
3762,RGI60-11.03798
3763,RGI60-11.03799
3764,RGI60-11.03800
3765,RGI60-11.03801
3766,RGI60-11.03802
3767,RGI60-11.03803
3768,RGI60-11.03804
3769,RGI60-11.03805
3770,RGI60-11.03806
3771,RGI60-11.03807
3772,RGI60-11.03808
3773,RGI60-11.03809
3774,RGI60-11.03810
3775,RGI60-11.03811
3776,RGI60-11.03812
3777,RGI60-11.03813
3778,RGI60-11.03814
3779,RGI60-11.03815
3780,RGI60-11.03816
3781,RGI60-11.03817
3782,RGI60-11.03818
3783,RGI60-11.03819
3784,RGI60-11.03820
3785,RGI60-11.03821
3786,RGI60-11.03822
3787,RGI60-11.03823
3788,RGI60-11.03824
3789,RGI60-11.03825
3790,RGI60-11.03826
3791,RGI60-11.03827
3792,RGI60-11.03828
3793,RGI60-11.03829
3794,RGI60-11.03830
3795,RGI60-11.03831
3796,RGI60-11.03832
3797,RGI60-11.03833
3798,RGI60-11.03834
3799,RGI60-11.03835
3800,RGI60-11.03836
3801,RGI60-11.03837
3802,RGI60-11.03838
3803,RGI60-11.03839
3804,RGI60-11.03840
3805,RGI60-11.03841
3806,RGI60-11.03842
3807,RGI60-11.03843
3808,RGI60-11.03844
3809,RGI60-11.03845
3810,RGI60-11.03846
3811,RGI60-11.03847
3812,RGI60-11.03848
3813,RGI60-11.03849
3814,RGI60-11.03850
3815,RGI60-11.03851
3816,RGI60-11.03852
3817,RGI60-11.03853
3818,RGI60-11.03854
3819,RGI60-11.03855
3820,RGI60-11.03856
3821,RGI60-11.03857
3822,RGI60-11.03858
3823,RGI60-11.03859
3824,RGI60-11.03860
3825,RGI60-11.03861
3826,RGI60-11.03862
3827,RGI60-11.03863
3828,RGI60-11.03864
3829,RGI60-11.03865
3830,RGI60-11.03866
3831,RGI60-11.03867
3832,RGI60-11.03868
3833,RGI60-11.03869
3834,RGI60-11.03870
3835,RGI60-11.03871
3836,RGI60-11.03872
3837,RGI60-11.03873
3838,RGI60-11.03874
3839,RGI60-11.03875
3840,RGI60-11.03876
3841,RGI60-11.03877
3842,RGI60-11.03878
3843,RGI60-11.03879
3844,RGI60-11.03880
3845,RGI60-11.03881
3846,RGI60-11.03882
3847,RGI60-11.03883
3848,RGI60-11.03884
3849,RGI60-11.03885
3850,RGI60-11.03886
3851,RGI60-11.03887
3852,RGI60-11.03888
3853,RGI60-11.03889
3854,RGI60-11.03890
3855,RGI60-11.03891
3856,RGI60-11.03892
3857,RGI60-11.03893
3858,RGI60-11.03894
3859,RGI60-11.03895
3860,RGI60-11.03896
3861,RGI60-11.03897
3862,RGI60-11.03898
3863,RGI60-11.03899
3864,RGI60-11.03900
3865,RGI60-11.03901
3866,RGI60-11.03902
3867,RGI60-11.03903
3868,RGI60-11.03904
3869,RGI60-11.03905
3870,RGI60-11.03906
3871,RGI60-11.03907
3872,RGI60-11.03908
3873,RGI60-11.03909
3874,RGI60-11.03910
3875,RGI60-11.03911
3876,RGI60-11.03912
3877,RGI60-11.03913
3878,RGI60-11.03914
3879,RGI60-11.03915
3880,RGI60-11.03916
3881,RGI60-11.03917
3882,RGI60-11.03918
3883,RGI60-11.03919
3884,RGI60-11.03920
3885,RGI60-11.03921
3886,RGI60-11.03922
3887,RGI60-11.03923
3888,RGI60-11.03924
3889,RGI60-11.03925
3890,RGI60-11.03926
3891,RGI60-11.03927
